{"accuracy": [0.9823943376541138, 0.9983070492744446, 0.9988636374473572, 0.9991264939308167, 0.9992308616638184, 0.9993390440940857, 0.9993892908096313, 0.9994897842407227, 0.9994511604309082, 0.9995555281639099, 0.9995361566543579, 0.9995439052581787, 0.9995825886726379, 0.999590277671814, 0.9996212124824524, 0.9996250867843628, 0.9996405243873596, 0.9996637105941772, 0.9996521472930908, 0.9996521472930908, 0.9996946454048157, 0.9996907711029053, 0.9996946454048157, 0.9997178316116333, 0.9997487664222717, 0.9996907711029053, 0.9996753334999084, 0.9996907711029053, 0.9997255802154541, 0.9996482729911804, 0.9997410178184509, 0.9997333288192749, 0.9996985197067261, 0.9997835755348206, 0.9997139573097229, 0.9997333288192749, 0.9997410178184509, 0.9997873902320862, 0.9997371435165405, 0.999768078327179, 0.9997797012329102, 0.9997912645339966, 0.999795138835907, 0.9997758269309998, 0.9997487664222717, 0.9997873902320862, 0.999768078327179, 0.9998299479484558, 0.9997835755348206, 0.9997873902320862, 0.999768078327179, 0.9997603893280029, 0.9998106360435486, 0.9997603893280029, 0.999795138835907, 0.9997565150260925, 0.9998067617416382], "loss": [0.04924825578927994, 0.006715240888297558, 0.004726797807961702, 0.0038133542984724045, 0.0032413701992481947, 0.0029030293226242065, 0.002864428097382188, 0.002419944852590561, 0.002536671468988061, 0.002196693792939186, 0.0022396990098059177, 0.002229850273579359, 0.002073923358693719, 0.002035511424764991, 0.0020431859884411097, 0.0017886935966089368, 0.0017146882601082325, 0.001808216911740601, 0.0017716912552714348, 0.0019073189469054341, 0.0015305273700505495, 0.001667103497311473, 0.0018374037463217974, 0.001640715287066996, 0.0015372144989669323, 0.0015360943507403135, 0.001716915867291391, 0.001721832319162786, 0.001546054845675826, 0.001755822217091918, 0.0014409164432436228, 0.0014709969982504845, 0.00151822401676327, 0.0012247138656675816, 0.0014898888766765594, 0.0016880532493814826, 0.0016032172134146094, 0.0013391264947131276, 0.0014076023362576962, 0.0015020068967714906, 0.0013836105354130268, 0.001317051239311695, 0.0013417210429906845, 0.0018814440118148923, 0.0017771967686712742, 0.0014832757879048586, 0.0014356704195961356, 0.0012554886052384973, 0.0014855674235150218, 0.0016624804120510817, 0.0015552338445559144, 0.0015801057452335954, 0.0014186245389282703, 0.0015466955956071615, 0.0014310043770819902, 0.001443600165657699, 0.001312370179221034], "val_accuracy": [0.9953365325927734, 0.9982174634933472, 0.9986315965652466, 0.9991357326507568, 0.9988836646080017, 0.9990637302398682, 0.9993337988853455, 0.9992437362670898, 0.9992257356643677, 0.9991357326507568, 0.9991717338562012, 0.999027669429779, 0.9991717338562012, 0.9990637302398682, 0.9992257356643677, 0.9992257356643677, 0.9992437362670898, 0.9992077350616455, 0.999279797077179, 0.9992977976799011, 0.9991717338562012, 0.9992077350616455, 0.9991357326507568, 0.9990997314453125, 0.9992617964744568, 0.999279797077179, 0.998415470123291, 0.9992617964744568, 0.998919665813446, 0.999279797077179, 0.999279797077179, 0.9992257356643677, 0.9992437362670898, 0.9993157982826233, 0.9994058012962341, 0.9992257356643677, 0.9992257356643677, 0.9990637302398682, 0.9993157982826233, 0.9992617964744568, 0.9993337988853455, 0.9993337988853455, 0.999279797077179, 0.9992977976799011, 0.9993157982826233, 0.9991897344589233, 0.999387800693512, 0.9993517994880676, 0.9993337988853455, 0.9994598031044006, 0.9992437362670898, 0.9992977976799011, 0.9993698000907898, 0.9993337988853455, 0.999279797077179, 0.9993157982826233, 0.9991717338562012], "val_loss": [0.014517086558043957, 0.0074148355051875114, 0.007639570627361536, 0.005671584978699684, 0.007260622922331095, 0.006965906359255314, 0.005534281488507986, 0.007230942137539387, 0.0067496825940907, 0.006809177342802286, 0.007255488075315952, 0.00920130405575037, 0.007461078930646181, 0.007048831321299076, 0.007685502525418997, 0.006849946919828653, 0.007039336021989584, 0.007427353411912918, 0.007591441739350557, 0.007279285229742527, 0.007685116026550531, 0.007935638539493084, 0.007601940538734198, 0.008826229721307755, 0.008078859187662601, 0.008275151252746582, 0.011507874354720116, 0.008764153346419334, 0.010120232589542866, 0.008694251999258995, 0.010435376316308975, 0.009063777513802052, 0.009435152634978294, 0.009529088623821735, 0.00959858950227499, 0.010533305816352367, 0.009587792679667473, 0.011694555170834064, 0.00958412978798151, 0.009997938759624958, 0.009265922009944916, 0.009572559036314487, 0.009258048608899117, 0.01086448598653078, 0.009871343150734901, 0.010617236606776714, 0.010143482126295567, 0.009980768896639347, 0.009816753678023815, 0.010890324600040913, 0.01107025146484375, 0.010632387362420559, 0.009859124198555946, 0.009853759780526161, 0.011382117867469788, 0.011519279330968857, 0.011109931394457817]}