{"accuracy": [0.9808483123779297, 0.9982259273529053, 0.9988288879394531, 0.999083936214447, 0.9991883039474487, 0.9993004202842712, 0.9992656111717224, 0.9993892908096313, 0.9994279742240906, 0.9994975328445435, 0.9995168447494507, 0.9994897842407227, 0.9994743466377258, 0.9995516538619995, 0.9995864033699036, 0.9996212124824524, 0.9995516538619995, 0.9996482729911804, 0.9996405243873596, 0.9996868968009949, 0.9996830821037292, 0.999671459197998, 0.9996868968009949, 0.9996985197067261, 0.9996907711029053, 0.9996868968009949, 0.9997062683105469, 0.9997294545173645, 0.9997487664222717, 0.9997642040252686, 0.9996985197067261, 0.9997410178184509, 0.9997526407241821, 0.9997873902320862, 0.9997835755348206, 0.9997526407241821, 0.9997758269309998, 0.9997526407241821, 0.9997448921203613, 0.9997719526290894, 0.999768078327179, 0.9998260736465454, 0.999795138835907, 0.9998067617416382, 0.9997835755348206, 0.999795138835907, 0.9997873902320862, 0.9998028874397278, 0.999822199344635, 0.9998144507408142, 0.9997526407241821, 0.9998067617416382, 0.9997912645339966, 0.9998028874397278, 0.9997990131378174, 0.9997990131378174, 0.999822199344635, 0.9998183250427246, 0.999822199344635, 0.9998106360435486], "loss": [0.053538620471954346, 0.0074781798757612705, 0.004864011891186237, 0.004117514006793499, 0.003727937815710902, 0.0030497198458760977, 0.0031638520304113626, 0.0027591842226684093, 0.002585833892226219, 0.0024841129779815674, 0.002442933153361082, 0.0023232479579746723, 0.0024573320988565683, 0.0021519034635275602, 0.0022419774904847145, 0.0021759190130978823, 0.0021510031074285507, 0.0018041417934000492, 0.0018815567018464208, 0.0017171527724713087, 0.001758331898599863, 0.0019062214996665716, 0.0015936183044686913, 0.0015806121518835425, 0.001732942066155374, 0.0015674626920372248, 0.0016410816460847855, 0.0014958448009565473, 0.0014390236465260386, 0.0014718102756887674, 0.0014802266377955675, 0.0013494291342794895, 0.0015124476049095392, 0.0013300084974616766, 0.0013876588782295585, 0.0014925466384738684, 0.001501796068623662, 0.0014549961779266596, 0.0016425057547166944, 0.0014496765797957778, 0.0014588144840672612, 0.0017090918263420463, 0.0015023453161120415, 0.0014047333970665932, 0.001468879752792418, 0.0013619351666420698, 0.0014229740481823683, 0.001443690387532115, 0.001237194985151291, 0.0012171705020591617, 0.001599551527760923, 0.001625222503207624, 0.0015787659212946892, 0.0014221422607079148, 0.0013118196511641145, 0.0013970625586807728, 0.0012944097397848964, 0.0013836626894772053, 0.0011947612510994077, 0.0014596919063478708], "val_accuracy": [0.995768666267395, 0.997461199760437, 0.9984875321388245, 0.9985955357551575, 0.999027669429779, 0.9986855983734131, 0.9988836646080017, 0.9988836646080017, 0.9987756013870239, 0.9994238018989563, 0.9991897344589233, 0.999153733253479, 0.999027669429779, 0.9991177320480347, 0.9992617964744568, 0.9992257356643677, 0.999279797077179, 0.9992077350616455, 0.9991357326507568, 0.9991897344589233, 0.9994058012962341, 0.9993157982826233, 0.9993337988853455, 0.9991897344589233, 0.9991717338562012, 0.9992437362670898, 0.9992437362670898, 0.9993337988853455, 0.9993698000907898, 0.9992617964744568, 0.9992617964744568, 0.9994058012962341, 0.999279797077179, 0.9993157982826233, 0.9993517994880676, 0.9993337988853455, 0.9990456700325012, 0.9994058012962341, 0.9993517994880676, 0.999387800693512, 0.9993698000907898, 0.9993157982826233, 0.9993157982826233, 0.9993337988853455, 0.9994058012962341, 0.9994238018989563, 0.9994598031044006, 0.9994238018989563, 0.9993517994880676, 0.9994238018989563, 0.9993517994880676, 0.9994058012962341, 0.999387800693512, 0.9994778633117676, 0.9994778633117676, 0.9994958639144897, 0.9994058012962341, 0.9994418025016785, 0.9993698000907898, 0.9994238018989563], "val_loss": [0.013577957637608051, 0.010737181641161442, 0.00807530339807272, 0.007315120194107294, 0.007033410016447306, 0.008598691783845425, 0.00719028664752841, 0.008027108386158943, 0.008564554154872894, 0.006198159884661436, 0.007402002811431885, 0.007964659482240677, 0.008705402724444866, 0.008074103854596615, 0.007247347384691238, 0.007552397437393665, 0.007452745921909809, 0.0074095758609473705, 0.008214076049625874, 0.007581992074847221, 0.007385309785604477, 0.007358596660196781, 0.006866684649139643, 0.007394624873995781, 0.007258810102939606, 0.008138439618051052, 0.007259927224367857, 0.007416700012981892, 0.007706271950155497, 0.008177448995411396, 0.007263039704412222, 0.007889038883149624, 0.007971445098519325, 0.008129431866109371, 0.007984197698533535, 0.009483575820922852, 0.008871807716786861, 0.008660760708153248, 0.008529425598680973, 0.008091549389064312, 0.009371609427034855, 0.010210145264863968, 0.010288652032613754, 0.009796991012990475, 0.009112218394875526, 0.00932431872934103, 0.009747103787958622, 0.009583148173987865, 0.009076856076717377, 0.008925259113311768, 0.010359699837863445, 0.009973990730941296, 0.00860227644443512, 0.009444153867661953, 0.009033848531544209, 0.009513202123343945, 0.00922571960836649, 0.00936958659440279, 0.009550926275551319, 0.009525069035589695]}