{"accuracy": [0.9820078611373901, 0.9983689188957214, 0.9988365769386292, 0.9990955591201782, 0.9992038011550903, 0.999308168888092, 0.9993816018104553, 0.9994279742240906, 0.9994434118270874, 0.9995091557502747, 0.9995207190513611, 0.9994936585426331, 0.9995439052581787, 0.9995825886726379, 0.9996250867843628, 0.9996289610862732, 0.9996328353881836, 0.9996560215950012, 0.9996637105941772, 0.9996482729911804, 0.9996675848960876, 0.999671459197998, 0.9997062683105469, 0.9997023940086365, 0.9997178316116333, 0.9996753334999084, 0.9997255802154541, 0.9997526407241821, 0.9996985197067261, 0.9997217059135437, 0.9997217059135437, 0.9997255802154541, 0.9997487664222717, 0.9997642040252686, 0.9997487664222717, 0.9997139573097229, 0.999768078327179, 0.9997603893280029, 0.9997565150260925, 0.999795138835907, 0.9998260736465454, 0.9998028874397278, 0.999822199344635, 0.9997835755348206, 0.9998028874397278, 0.9997719526290894, 0.999849259853363, 0.9997873902320862, 0.9997990131378174, 0.9998338222503662, 0.999822199344635, 0.999768078327179, 0.9998144507408142, 0.9997835755348206, 0.999822199344635], "loss": [0.05079219862818718, 0.006746645551174879, 0.004830589983612299, 0.004075906705111265, 0.003414312144741416, 0.0031130884308367968, 0.0030815033242106438, 0.002741714706644416, 0.0026110780891031027, 0.0024587747175246477, 0.0024080947041511536, 0.002576251281425357, 0.0021912637166678905, 0.002058090176433325, 0.0019411027897149324, 0.002013843972235918, 0.0021209430415183306, 0.0018196564633399248, 0.0018999789608642459, 0.0019750110805034637, 0.0018933009123429656, 0.0018555368296802044, 0.0016170548042282462, 0.0016949588898569345, 0.0016575584886595607, 0.0018091569654643536, 0.0015136697329580784, 0.0016671197954565287, 0.0015571338590234518, 0.0014720618491992354, 0.001478841993957758, 0.0015027673216536641, 0.0016159449005499482, 0.001511064125224948, 0.0014631854137405753, 0.0016898710746318102, 0.0013988561695441604, 0.001455608638934791, 0.0013351179659366608, 0.0013864405918866396, 0.001202926505357027, 0.001397712854668498, 0.0012885030591860414, 0.0014040711103007197, 0.0013576217461377382, 0.0014536154922097921, 0.0010799301089718938, 0.001495281350798905, 0.0012577413581311703, 0.0012132583651691675, 0.0012250767322257161, 0.0015110744861885905, 0.0012087500654160976, 0.0016133981989696622, 0.0012510757660493255], "val_accuracy": [0.9949584007263184, 0.998307466506958, 0.9980193972587585, 0.9988116025924683, 0.9989556670188904, 0.9988656640052795, 0.9986315965652466, 0.9990637302398682, 0.9986495971679688, 0.9991897344589233, 0.9991177320480347, 0.9993698000907898, 0.9992257356643677, 0.9989556670188904, 0.9993157982826233, 0.9994238018989563, 0.9993157982826233, 0.9990637302398682, 0.9994058012962341, 0.9993337988853455, 0.9992257356643677, 0.999387800693512, 0.9993517994880676, 0.9992437362670898, 0.9993517994880676, 0.9991357326507568, 0.9992077350616455, 0.9992617964744568, 0.9994058012962341, 0.9994418025016785, 0.9993517994880676, 0.9993698000907898, 0.999387800693512, 0.9994058012962341, 0.9993157982826233, 0.9994418025016785, 0.9993337988853455, 0.9992257356643677, 0.999387800693512, 0.9993517994880676, 0.9992617964744568, 0.9993517994880676, 0.9994058012962341, 0.9993517994880676, 0.9994058012962341, 0.9994058012962341, 0.999387800693512, 0.9994238018989563, 0.9993698000907898, 0.9994238018989563, 0.9993337988853455, 0.999387800693512, 0.9993698000907898, 0.9994958639144897, 0.999387800693512], "val_loss": [0.016305437311530113, 0.009310021065175533, 0.009838772006332874, 0.007650269195437431, 0.0067367032170295715, 0.0074028195813298225, 0.00845630094408989, 0.0072675542905926704, 0.009161527268588543, 0.007464773487299681, 0.007773670833557844, 0.006771574728190899, 0.007719863671809435, 0.008762744255363941, 0.007627486251294613, 0.007724192924797535, 0.007871313951909542, 0.009045733138918877, 0.008157779462635517, 0.008154748938977718, 0.008642061613500118, 0.0077246250584721565, 0.008801229298114777, 0.007932753302156925, 0.008176811039447784, 0.008351624011993408, 0.008612618781626225, 0.008407285436987877, 0.00839068740606308, 0.00821742694824934, 0.008936746045947075, 0.009606602601706982, 0.00814543105661869, 0.008818152360618114, 0.009525979869067669, 0.008952876552939415, 0.009007847867906094, 0.009613214060664177, 0.009155204519629478, 0.008949663490056992, 0.009560643695294857, 0.008830667473375797, 0.008823839016258717, 0.009774603880941868, 0.009754658676683903, 0.009697592817246914, 0.009561926126480103, 0.009443679824471474, 0.009402565658092499, 0.009494042955338955, 0.011576472781598568, 0.009816445410251617, 0.009923628531396389, 0.010546132922172546, 0.009922976605594158]}