{"accuracy": [0.9816136360168457, 0.9983727931976318, 0.9989409446716309, 0.9991148710250854, 0.9992462992668152, 0.9993351697921753, 0.9993429183959961, 0.999404788017273, 0.9994550347328186, 0.9995439052581787, 0.9995361566543579, 0.9995284676551819, 0.9995477795600891, 0.9995864033699036, 0.9995864033699036, 0.9996328353881836, 0.9996792078018188, 0.999609649181366, 0.999617338180542, 0.9996637105941772, 0.999671459197998, 0.9996637105941772, 0.9996753334999084, 0.9996792078018188, 0.9996907711029053, 0.9996598958969116, 0.9996792078018188, 0.9997294545173645, 0.9997062683105469, 0.9997410178184509, 0.9997410178184509, 0.9997448921203613, 0.9997719526290894, 0.9997371435165405, 0.9997565150260925, 0.9997294545173645, 0.9997603893280029, 0.9997371435165405, 0.9997565150260925, 0.9997410178184509, 0.9997217059135437, 0.9997758269309998, 0.9997410178184509, 0.9997758269309998, 0.9997835755348206, 0.9997835755348206, 0.9998144507408142, 0.9997333288192749, 0.9997410178184509, 0.9997873902320862, 0.9997835755348206, 0.9998183250427246, 0.9998028874397278, 0.9997797012329102, 0.9997758269309998, 0.9997990131378174], "loss": [0.05201020464301109, 0.006810454651713371, 0.004495065659284592, 0.003779570572078228, 0.0033833689521998167, 0.0029421004001051188, 0.002941988641396165, 0.0025525446981191635, 0.002555368235334754, 0.0024197471793740988, 0.0023113260976970196, 0.0022595003247261047, 0.0022721418645232916, 0.0021362609695643187, 0.0020339644979685545, 0.001901664538308978, 0.0019517745822668076, 0.002075409749522805, 0.00183012243360281, 0.0018794729840010405, 0.001734035788103938, 0.00186819932423532, 0.001854881295002997, 0.0017866046400740743, 0.0018279444193467498, 0.0018605012446641922, 0.0018556941067799926, 0.0017242096364498138, 0.00167661567684263, 0.0014964469010010362, 0.0015047165798023343, 0.00143680558539927, 0.0014010219601914287, 0.0014696462312713265, 0.0013582700630649924, 0.0015749407466500998, 0.001362605020403862, 0.0014775688759982586, 0.0014594272943213582, 0.0015591831179335713, 0.0015835878439247608, 0.0014879098162055016, 0.00193601765204221, 0.0018903979798778892, 0.0015842168359085917, 0.0013882194180041552, 0.0012288365978747606, 0.001602488337084651, 0.0014016111381351948, 0.001464559929445386, 0.0012850830098614097, 0.0011800342472270131, 0.0011670306557789445, 0.0013119613286107779, 0.0014320090413093567, 0.0011985518503934145], "val_accuracy": [0.9965789318084717, 0.9978393316268921, 0.9987396001815796, 0.9983794689178467, 0.9983974695205688, 0.9989736676216125, 0.9987215995788574, 0.9988836646080017, 0.9991177320480347, 0.9993517994880676, 0.9990456700325012, 0.9993157982826233, 0.999153733253479, 0.9992077350616455, 0.9990997314453125, 0.9990456700325012, 0.9990456700325012, 0.9991897344589233, 0.9992257356643677, 0.999279797077179, 0.999279797077179, 0.999279797077179, 0.9992617964744568, 0.9992437362670898, 0.999279797077179, 0.9993698000907898, 0.999279797077179, 0.9992617964744568, 0.9991717338562012, 0.9992977976799011, 0.9993517994880676, 0.9991717338562012, 0.9991717338562012, 0.9992437362670898, 0.9992257356643677, 0.999279797077179, 0.9993517994880676, 0.999387800693512, 0.9993698000907898, 0.9993698000907898, 0.9992077350616455, 0.9994238018989563, 0.9994598031044006, 0.9993157982826233, 0.9994238018989563, 0.9994598031044006, 0.9994418025016785, 0.9993517994880676, 0.9992617964744568, 0.9993698000907898, 0.9992257356643677, 0.9993157982826233, 0.9993517994880676, 0.9993517994880676, 0.999279797077179, 0.9993698000907898], "val_loss": [0.011948918923735619, 0.009424480609595776, 0.0068105352111160755, 0.00865953043103218, 0.008669191971421242, 0.006369257345795631, 0.007409538142383099, 0.007678196299821138, 0.006460584234446287, 0.0067781428806483746, 0.006940304767340422, 0.0065834238193929195, 0.006543935276567936, 0.007019036449491978, 0.0071598244830966, 0.0070113008841872215, 0.007831698283553123, 0.007553091272711754, 0.007167826406657696, 0.0070750038139522076, 0.006453034933656454, 0.007458792068064213, 0.007212075870484114, 0.007738887798041105, 0.007012965623289347, 0.007612403016537428, 0.006821368355304003, 0.007678651250898838, 0.007631817366927862, 0.00701184431090951, 0.007522726431488991, 0.0079857362434268, 0.007990284822881222, 0.0075379060581326485, 0.007554336916655302, 0.008126869797706604, 0.0074068158864974976, 0.007238851394504309, 0.007179116364568472, 0.007722365669906139, 0.008402240462601185, 0.008156375028192997, 0.009272310882806778, 0.008034908212721348, 0.00754963792860508, 0.007752038538455963, 0.007529850117862225, 0.00784681923687458, 0.008650983683764935, 0.007786523085087538, 0.008493970148265362, 0.008390006609261036, 0.008012969978153706, 0.009052441455423832, 0.008910407312214375, 0.008257593028247356]}