{"accuracy": [0.9942796230316162, 0.9993892908096313, 0.9995632171630859, 0.999671459197998, 0.9997642040252686, 0.9997565150260925, 0.9997835755348206, 0.999795138835907, 0.9997912645339966, 0.9998338222503662, 0.9997990131378174, 0.9998260736465454, 0.9998299479484558, 0.9998646974563599, 0.9998260736465454, 0.9998724460601807, 0.9998763203620911, 0.999849259853363, 0.999849259853363, 0.9998531341552734, 0.9998840689659119, 0.9999033808708191, 0.9998646974563599, 0.9998956322669983, 0.9998801946640015, 0.9998801946640015, 0.9998995065689087, 0.9998685717582703, 0.9998570084571838, 0.9998801946640015, 0.9998995065689087, 0.9999033808708191, 0.9999304413795471, 0.9999149441719055, 0.9998763203620911, 0.9998995065689087, 0.9999265670776367, 0.9999149441719055, 0.9999497532844543, 0.9998801946640015, 0.9999111294746399, 0.9999111294746399, 0.9999226927757263, 0.9998995065689087, 0.9998917579650879, 0.9999188184738159, 0.9998956322669983, 0.9999033808708191, 0.9999111294746399, 0.9998917579650879, 0.9999072551727295, 0.9998956322669983, 0.9999149441719055, 0.9999343156814575], "loss": [0.01768512837588787, 0.002860025502741337, 0.0021093878895044327, 0.0017427768325433135, 0.001475584227591753, 0.0016203405102714896, 0.001322579337283969, 0.0011565134627744555, 0.0011877981014549732, 0.0009796892991289496, 0.0010268994374200702, 0.0011018767254427075, 0.0008941438281908631, 0.0007886401144787669, 0.0009733105544000864, 0.0007941717049106956, 0.0007111933664418757, 0.0008104188600555062, 0.0008751113782636821, 0.0007895002490840852, 0.0006150906556285918, 0.0008666718495078385, 0.0008949651382863522, 0.0006831088103353977, 0.0005863654077984393, 0.0007588091539219022, 0.0006326946895569563, 0.0007474271114915609, 0.0006214979221113026, 0.0008676117868162692, 0.0005886139115318656, 0.0006218864582479, 0.0003776144585572183, 0.000505043426528573, 0.0010415827855467796, 0.0006573337595909834, 0.00031511811539530754, 0.0004496149776969105, 0.0004082685918547213, 0.0010097769554704428, 0.0007016587187536061, 0.0005439900560304523, 0.00048091940698213875, 0.000785071577411145, 0.000800377398263663, 0.0006683607934974134, 0.0006553477724082768, 0.0006198914488777518, 0.0006535035790875554, 0.0006916138809174299, 0.000491230865009129, 0.000565147667657584, 0.000467634730739519, 0.0005513333599083126], "val_accuracy": [0.9988116025924683, 0.9992977976799011, 0.9992977976799011, 0.9994238018989563, 0.9993157982826233, 0.9992437362670898, 0.9994238018989563, 0.9994418025016785, 0.9993698000907898, 0.9986675977706909, 0.9994598031044006, 0.999387800693512, 0.999279797077179, 0.9994058012962341, 0.9993698000907898, 0.9994598031044006, 0.999387800693512, 0.9993698000907898, 0.9990637302398682, 0.9994238018989563, 0.9994238018989563, 0.9994418025016785, 0.9994418025016785, 0.9994238018989563, 0.9995138645172119, 0.9994238018989563, 0.9994598031044006, 0.9993337988853455, 0.9993337988853455, 0.9994058012962341, 0.9993517994880676, 0.9994058012962341, 0.9993698000907898, 0.9994778633117676, 0.9994238018989563, 0.9994958639144897, 0.9994238018989563, 0.9994058012962341, 0.9995318651199341, 0.9992257356643677, 0.9995318651199341, 0.999387800693512, 0.9994958639144897, 0.9994598031044006, 0.9994598031044006, 0.9994598031044006, 0.9994958639144897, 0.9993157982826233, 0.9995318651199341, 0.9994238018989563, 0.9994598031044006, 0.9995138645172119, 0.9994778633117676, 0.9994958639144897], "val_loss": [0.006304051261395216, 0.005242329556494951, 0.005289522930979729, 0.0047910031862556934, 0.0049187722615897655, 0.006106631364673376, 0.005395812913775444, 0.0053244829177856445, 0.005664653144776821, 0.007976687513291836, 0.006210027728229761, 0.005445337388664484, 0.006843325216323137, 0.006198469083756208, 0.007038133684545755, 0.0065820179879665375, 0.0069228108040988445, 0.007596583571285009, 0.008688886649906635, 0.006568940356373787, 0.006962364073842764, 0.007944440469145775, 0.0071887425146996975, 0.007462978828698397, 0.0074645718559622765, 0.007896285504102707, 0.0074849119409918785, 0.008470404893159866, 0.00861493218690157, 0.008272023871541023, 0.008136489428579807, 0.008055941201746464, 0.008241526782512665, 0.012187874875962734, 0.008996914140880108, 0.009625903330743313, 0.009754843078553677, 0.010593032464385033, 0.009613515809178352, 0.010812339372932911, 0.009494208730757236, 0.01097146887332201, 0.009608364664018154, 0.010538124479353428, 0.010803095996379852, 0.010698367841541767, 0.01023043505847454, 0.010994785465300083, 0.011075427755713463, 0.011308726854622364, 0.012102564796805382, 0.011112636886537075, 0.010693179443478584, 0.01070232130587101]}