{"accuracy": [0.995539665222168, 0.998542845249176, 0.9989138841629028, 0.9991148710250854, 0.9993931651115417, 0.999431848526001, 0.9993351697921753, 0.9994820952415466, 0.9994472861289978, 0.9994820952415466, 0.999590277671814, 0.9996019005775452, 0.9996212124824524, 0.999609649181366, 0.9996753334999084, 0.9996405243873596, 0.9997565150260925, 0.9997371435165405, 0.9997797012329102, 0.9996868968009949, 0.9997333288192749, 0.9997873902320862, 0.999822199344635, 0.9997217059135437, 0.9997487664222717, 0.9998067617416382, 0.9998608827590942, 0.9998183250427246, 0.999795138835907, 0.9998724460601807, 0.9998338222503662, 0.9997526407241821, 0.9997487664222717, 0.9998299479484558, 0.9998299479484558, 0.999849259853363, 0.9998183250427246, 0.9998917579650879, 0.9998995065689087, 0.9998608827590942, 0.9998106360435486, 0.9998106360435486, 0.9998724460601807, 0.9998415112495422, 0.9998917579650879, 0.9998646974563599, 0.9998106360435486, 0.9997642040252686, 0.9998956322669983, 0.9998956322669983, 0.9998570084571838], "loss": [0.025646286085247993, 0.009825926274061203, 0.009487932547926903, 0.007874598726630211, 0.00641625514253974, 0.004841454792767763, 0.007439934182912111, 0.0049981349147856236, 0.005896819289773703, 0.007091960404068232, 0.004302925430238247, 0.003400054993107915, 0.0029606285970658064, 0.004958408419042826, 0.0038157838862389326, 0.003007309278473258, 0.0029029492288827896, 0.0042434618808329105, 0.0024093284737318754, 0.00511227548122406, 0.002803710289299488, 0.002905589994043112, 0.0019530722638592124, 0.004650297574698925, 0.0027377561200410128, 0.0017753440188243985, 0.0013992151943966746, 0.0018739613005891442, 0.002766049699857831, 0.00111446063965559, 0.002000944223254919, 0.004784860648214817, 0.0025424982886761427, 0.001700810738839209, 0.002307421062141657, 0.0015319566009566188, 0.0020834666211158037, 0.0012193960137665272, 0.0008033313788473606, 0.0014607873745262623, 0.002906985115259886, 0.00258588045835495, 0.0009895006660372019, 0.0026228248607367277, 0.0008891440229490399, 0.0010120001388713717, 0.004442871548235416, 0.004809757694602013, 0.0006999282632023096, 0.0017833737656474113, 0.0013281601713970304], "val_accuracy": [0.9984875321388245, 0.9990817308425903, 0.9988656640052795, 0.9992437362670898, 0.9994418025016785, 0.9990817308425903, 0.9991897344589233, 0.9987576007843018, 0.9991897344589233, 0.9993698000907898, 0.9991717338562012, 0.999153733253479, 0.9992977976799011, 0.999279797077179, 0.9994238018989563, 0.9994058012962341, 0.9994238018989563, 0.9994598031044006, 0.9994778633117676, 0.9990456700325012, 0.9992617964744568, 0.9993698000907898, 0.9994958639144897, 0.9994238018989563, 0.9994238018989563, 0.9993517994880676, 0.9994058012962341, 0.9994598031044006, 0.9995138645172119, 0.9993698000907898, 0.9994418025016785, 0.9994418025016785, 0.9993517994880676, 0.9993337988853455, 0.999279797077179, 0.9994058012962341, 0.9993157982826233, 0.9994058012962341, 0.9993698000907898, 0.9993337988853455, 0.9993698000907898, 0.9994058012962341, 0.9992437362670898, 0.999387800693512, 0.9994418025016785, 0.999387800693512, 0.9994058012962341, 0.9994598031044006, 0.9994598031044006, 0.9994058012962341, 0.9994418025016785], "val_loss": [0.0106506934389472, 0.012076927348971367, 0.014504377730190754, 0.01548018492758274, 0.014335956424474716, 0.01692945696413517, 0.02189725823700428, 0.023187588900327682, 0.02354768104851246, 0.024955764412879944, 0.026941919699311256, 0.026811864227056503, 0.02895582653582096, 0.029284685850143433, 0.032839156687259674, 0.03809848055243492, 0.03295734152197838, 0.03765041008591652, 0.0406169630587101, 0.05531033128499985, 0.062143001705408096, 0.0430489256978035, 0.04415237531065941, 0.04353012517094612, 0.04268168658018112, 0.042810749262571335, 0.04254167899489403, 0.04074801132082939, 0.04174550250172615, 0.04441026970744133, 0.043365478515625, 0.04359892010688782, 0.04531490057706833, 0.04494664445519447, 0.04699436575174332, 0.048255857080221176, 0.04258427396416664, 0.047061748802661896, 0.0465063713490963, 0.048452310264110565, 0.045403655618429184, 0.05089413374662399, 0.052247535437345505, 0.05820417404174805, 0.058196019381284714, 0.06684727221727371, 0.06031498312950134, 0.05880214646458626, 0.057520605623722076, 0.058081723749637604, 0.05876608192920685]}