{"accuracy": [0.9941906929016113, 0.9993390440940857, 0.9995400309562683, 0.9996250867843628, 0.9996907711029053, 0.9997603893280029, 0.9997371435165405, 0.9997873902320862, 0.9997912645339966, 0.999822199344635, 0.9998415112495422, 0.9998183250427246, 0.9998531341552734, 0.9998338222503662, 0.9998299479484558, 0.9998453855514526, 0.9998183250427246, 0.9998415112495422, 0.9998840689659119, 0.9998299479484558, 0.9998570084571838, 0.9998801946640015, 0.999849259853363, 0.9998685717582703, 0.9998685717582703, 0.9998608827590942, 0.9998840689659119, 0.9998376369476318, 0.9999033808708191, 0.9998801946640015, 0.9998995065689087, 0.9999072551727295, 0.9998570084571838, 0.9998724460601807, 0.9998840689659119, 0.9998995065689087, 0.9998995065689087, 0.9998685717582703, 0.9998878836631775, 0.9999111294746399, 0.9999381303787231, 0.9999149441719055, 0.9999033808708191, 0.9999343156814575, 0.9999343156814575, 0.9998917579650879, 0.9999188184738159, 0.9999497532844543, 0.9999188184738159, 0.9999381303787231, 0.9999188184738159, 0.999945878982544, 0.9999536275863647, 0.9998878836631775, 0.9999111294746399, 0.9998840689659119, 0.9999111294746399], "loss": [0.01805398240685463, 0.003178246086463332, 0.0023279155138880014, 0.001943253562785685, 0.0018332196632400155, 0.0016074968734756112, 0.0015410595806315541, 0.0012351281475275755, 0.0013252000790089369, 0.00123524887021631, 0.001150132971815765, 0.0011023924453184009, 0.0010182783007621765, 0.001121600391343236, 0.0009758922969922423, 0.0009575615404173732, 0.0010293552186340094, 0.001140751177445054, 0.0008328879484906793, 0.0011695923749357462, 0.0009569954709149897, 0.0007238779217004776, 0.0006903486209921539, 0.0008770175627432764, 0.000874002929776907, 0.0007446396630257368, 0.0007611152832396328, 0.0008627845672890544, 0.0005767355905845761, 0.0008657714352011681, 0.0006114284624345601, 0.0005929607432335615, 0.0007857283344492316, 0.0007611773326061666, 0.0007780631422065198, 0.0005520149716176093, 0.000593325705267489, 0.0006236996850930154, 0.0007971993181854486, 0.0005825915723107755, 0.000377016665879637, 0.0004941490478813648, 0.0006410465575754642, 0.0004208563477732241, 0.00043442079913802445, 0.0005925455479882658, 0.0004905788227915764, 0.0003028253559023142, 0.000541410525329411, 0.0004859355103690177, 0.0004849095712415874, 0.0003772103227674961, 0.00031519599724560976, 0.0006204929668456316, 0.0004975292249582708, 0.0008451228495687246, 0.0006773799541406333], "val_accuracy": [0.9990456700325012, 0.9992257356643677, 0.9992977976799011, 0.9994418025016785, 0.9994958639144897, 0.9995498657226562, 0.9995678663253784, 0.9994238018989563, 0.9994238018989563, 0.9994598031044006, 0.9995138645172119, 0.9995318651199341, 0.9994778633117676, 0.9994418025016785, 0.9994058012962341, 0.9995138645172119, 0.999387800693512, 0.9992977976799011, 0.9994058012962341, 0.9994598031044006, 0.9993698000907898, 0.9994418025016785, 0.9994418025016785, 0.9994058012962341, 0.9994238018989563, 0.999387800693512, 0.9994058012962341, 0.9994418025016785, 0.9994058012962341, 0.9994238018989563, 0.9993337988853455, 0.999387800693512, 0.9993517994880676, 0.9992977976799011, 0.999387800693512, 0.9994238018989563, 0.9993517994880676, 0.9994418025016785, 0.9994958639144897, 0.9994058012962341, 0.9994418025016785, 0.9994058012962341, 0.9994598031044006, 0.9994598031044006, 0.9993698000907898, 0.9994418025016785, 0.9994418025016785, 0.9994958639144897, 0.9994058012962341, 0.9993157982826233, 0.9994778633117676, 0.9994778633117676, 0.9994958639144897, 0.9994058012962341, 0.9994058012962341, 0.9994238018989563, 0.9994238018989563], "val_loss": [0.005718294996768236, 0.005709243007004261, 0.005481118336319923, 0.006292397156357765, 0.0059698098339140415, 0.005440836306661367, 0.00513974204659462, 0.005824705120176077, 0.005624429322779179, 0.006092602852731943, 0.005822957959026098, 0.00607359828427434, 0.006621478591114283, 0.0064488984644412994, 0.0066620283760130405, 0.00697200046852231, 0.007277743890881538, 0.00773060554638505, 0.007619047071784735, 0.008141454309225082, 0.008709068410098553, 0.008490686304867268, 0.007484372239559889, 0.009182082489132881, 0.008073629811406136, 0.009419823996722698, 0.008552548475563526, 0.00910270493477583, 0.007868117652833462, 0.008871229365468025, 0.008045325987040997, 0.008497186936438084, 0.00920803751796484, 0.0079122893512249, 0.007663108874112368, 0.009105675853788853, 0.00944893155246973, 0.009065422229468822, 0.009044455364346504, 0.00952098798006773, 0.009550529532134533, 0.009811068885028362, 0.009805776178836823, 0.009196314960718155, 0.009746716357767582, 0.009008985944092274, 0.009261085651814938, 0.00917217880487442, 0.009122367016971111, 0.009669633582234383, 0.009052488952875137, 0.008475016802549362, 0.010140610858798027, 0.011315158568322659, 0.011442326009273529, 0.010754343122243881, 0.011348340660333633]}