{"accuracy": [0.9953773021697998, 0.9985815286636353, 0.998720645904541, 0.999308168888092, 0.9992076754570007, 0.999431848526001, 0.9994240999221802, 0.9995052814483643, 0.9995207190513611, 0.9994627237319946, 0.9996328353881836, 0.9996753334999084, 0.9996405243873596, 0.9996250867843628, 0.9996792078018188, 0.9995825886726379, 0.999795138835907, 0.9996907711029053, 0.9997062683105469, 0.9997217059135437, 0.9998067617416382, 0.9998028874397278, 0.9997912645339966, 0.9998144507408142, 0.9997912645339966, 0.9997835755348206, 0.9997603893280029, 0.9997487664222717, 0.9997797012329102, 0.999768078327179, 0.9998028874397278, 0.9998028874397278, 0.9997990131378174, 0.9997758269309998, 0.9998260736465454, 0.9998685717582703, 0.9998415112495422, 0.9997719526290894, 0.9998415112495422, 0.9998531341552734, 0.9998878836631775, 0.9998685717582703, 0.9998763203620911, 0.9999188184738159, 0.9998956322669983, 0.9997565150260925, 0.9998646974563599, 0.9998685717582703, 0.9997912645339966, 0.9998260736465454, 0.9998570084571838, 0.9998801946640015], "loss": [0.02430180460214615, 0.010389430448412895, 0.01568419113755226, 0.00842116866260767, 0.009650707244873047, 0.0062553659081459045, 0.00638820743188262, 0.006057131104171276, 0.005212841089814901, 0.008160379715263844, 0.003948244731873274, 0.006115961819887161, 0.004103192128241062, 0.005065695848315954, 0.0031279975082725286, 0.00702761160209775, 0.001927588484250009, 0.00781573262065649, 0.004336889833211899, 0.0034128448460251093, 0.0025315647944808006, 0.002314420882612467, 0.0029098184313625097, 0.00252881390042603, 0.002220993163064122, 0.002248789183795452, 0.0032664439640939236, 0.005235964898020029, 0.002637191442772746, 0.0024268904235213995, 0.003045125398784876, 0.0024498822167515755, 0.0038726339116692543, 0.004403791856020689, 0.0011347797699272633, 0.0012833891669288278, 0.0031239690724760294, 0.0025839530862867832, 0.0015569559764117002, 0.0017821684014052153, 0.0012917239218950272, 0.0020472470205277205, 0.001627196092158556, 0.0007265968597494066, 0.0012770051835104823, 0.0029036267660558224, 0.002020347397774458, 0.0011411008890718222, 0.00236663781106472, 0.0027668471448123455, 0.0014787588734179735, 0.0024502594023942947], "val_accuracy": [0.9979293346405029, 0.9989376664161682, 0.9986675977706909, 0.9990817308425903, 0.9992437362670898, 0.9991897344589233, 0.999279797077179, 0.9992077350616455, 0.999153733253479, 0.999153733253479, 0.9992257356643677, 0.9992437362670898, 0.9993698000907898, 0.9991357326507568, 0.9991357326507568, 0.9994598031044006, 0.9993157982826233, 0.9991717338562012, 0.9992617964744568, 0.9993517994880676, 0.999387800693512, 0.9991717338562012, 0.9994598031044006, 0.9994058012962341, 0.9993337988853455, 0.999387800693512, 0.9993157982826233, 0.9993698000907898, 0.9993337988853455, 0.9993157982826233, 0.9994418025016785, 0.9993337988853455, 0.9994778633117676, 0.999387800693512, 0.9994418025016785, 0.9994238018989563, 0.9994598031044006, 0.9993517994880676, 0.9993157982826233, 0.999387800693512, 0.9993157982826233, 0.9994238018989563, 0.9994598031044006, 0.9994238018989563, 0.9994238018989563, 0.9993337988853455, 0.999387800693512, 0.9993698000907898, 0.9991717338562012, 0.9993698000907898, 0.9993698000907898, 0.9994598031044006], "val_loss": [0.012479333207011223, 0.01183402445167303, 0.021603859961032867, 0.01552016194909811, 0.017145859077572823, 0.02198392152786255, 0.019334126263856888, 0.021863926202058792, 0.026368802413344383, 0.025381214916706085, 0.028246339410543442, 0.028682075440883636, 0.030883755534887314, 0.02866622619330883, 0.02933831885457039, 0.02990674041211605, 0.032644692808389664, 0.03855453431606293, 0.03180079162120819, 0.03238831087946892, 0.03661098703742027, 0.03402731567621231, 0.03467193990945816, 0.04608570411801338, 0.041859690099954605, 0.04241471365094185, 0.040126509964466095, 0.03825719282031059, 0.0432429313659668, 0.044165220111608505, 0.04707977920770645, 0.048588596284389496, 0.05409182235598564, 0.055805906653404236, 0.05564500764012337, 0.06073656305670738, 0.055847786366939545, 0.060878265649080276, 0.05804930999875069, 0.059051964432001114, 0.05770033970475197, 0.05815858021378517, 0.060075391083955765, 0.05998152494430542, 0.05909396708011627, 0.06463516503572464, 0.06483417749404907, 0.06327632069587708, 0.06681232899427414, 0.0726093128323555, 0.07226715981960297, 0.06935656070709229]}