{"accuracy": [0.8348214030265808, 0.9620535969734192, 0.9642857313156128, 0.9709821343421936, 0.9799107313156128, 0.9821428656578064, 0.9866071343421936, 0.9955357313156128, 0.9977678656578064, 1.0, 1.0, 1.0, 1.0, 0.9977678656578064, 1.0, 0.9977678656578064, 1.0, 1.0, 1.0, 1.0, 1.0, 1.0, 1.0, 1.0, 1.0, 1.0], "loss": [0.5978756546974182, 0.13501109182834625, 0.09611707925796509, 0.07335804402828217, 0.05190184712409973, 0.04298161715269089, 0.03436489775776863, 0.02391405962407589, 0.018170403316617012, 0.01371877919882536, 0.010347056202590466, 0.009207257069647312, 0.0069189066998660564, 0.0069537996314466, 0.00604298384860158, 0.006614472717046738, 0.004737342707812786, 0.003752434393391013, 0.002688316162675619, 0.0024433222133666277, 0.002063254127278924, 0.001974733779206872, 0.0015862899599596858, 0.0013829414965584874, 0.001217320328578353, 0.001125989481806755], "val_accuracy": [0.981958270072937, 0.9252223968505859, 0.9518347978591919, 0.9494580030441284, 0.9523389339447021, 0.9389247298240662, 0.9471533298492432, 0.9495120644569397, 0.9498001337051392, 0.9446685314178467, 0.9497281312942505, 0.941319465637207, 0.9451906681060791, 0.9469732642173767, 0.9274190664291382, 0.9482696652412415, 0.9378623366355896, 0.9373401999473572, 0.9449746012687683, 0.9397889971733093, 0.9386906027793884, 0.9377723336219788, 0.9418416023254395, 0.9393748641014099, 0.9407252669334412, 0.9394648671150208], "val_loss": [0.09292880445718765, 0.23067517578601837, 0.15525829792022705, 0.1574234664440155, 0.14756058156490326, 0.1839567869901657, 0.16603782773017883, 0.1590433567762375, 0.16225218772888184, 0.18101941049098969, 0.17260663211345673, 0.2051185667514801, 0.19712096452713013, 0.19415982067584991, 0.28477054834365845, 0.20197656750679016, 0.2468957006931305, 0.25234654545783997, 0.2232222855091095, 0.25004228949546814, 0.2569115459918976, 0.26673492789268494, 0.2504594326019287, 0.26488009095191956, 0.262399286031723, 0.27042874693870544]}