{"accuracy": [0.8482142686843872, 0.953125, 0.96875, 0.9709821343421936, 0.984375, 0.984375, 0.984375, 0.9933035969734192, 0.9888392686843872, 0.9910714030265808, 0.9910714030265808, 0.9866071343421936, 0.9888392686843872, 0.9933035969734192, 1.0, 1.0, 1.0, 1.0, 1.0, 1.0, 1.0, 1.0, 1.0, 1.0, 1.0, 1.0], "loss": [0.6223540306091309, 0.1337980479001999, 0.08341069519519806, 0.06137990206480026, 0.04781055077910423, 0.04451822489500046, 0.037146683782339096, 0.03423825651407242, 0.04331597685813904, 0.028344716876745224, 0.04949676990509033, 0.03485773876309395, 0.027636634185910225, 0.020905090495944023, 0.00847286731004715, 0.0047736088745296, 0.0036010299809277058, 0.0029083958361297846, 0.002456599147990346, 0.0021701636724174023, 0.0019482633797451854, 0.0017364706145599484, 0.0015725711127743125, 0.001422471716068685, 0.001334353699348867, 0.0012238802155479789], "val_accuracy": [0.9752781987190247, 0.9368180632591248, 0.9479455351829529, 0.9402391314506531, 0.956426203250885, 0.9478375315666199, 0.9331088662147522, 0.9595592021942139, 0.929219663143158, 0.940473198890686, 0.9414635300636292, 0.943354070186615, 0.9384205341339111, 0.9333069324493408, 0.9484317302703857, 0.9384205341339111, 0.9389967322349548, 0.943246066570282, 0.9422197341918945, 0.9420396685600281, 0.9424358010292053, 0.9418416023254395, 0.9430480003356934, 0.9422917366027832, 0.943354070186615, 0.9415715336799622], "val_loss": [0.10309459269046783, 0.1959225833415985, 0.15926267206668854, 0.17555630207061768, 0.13294081389904022, 0.1576899290084839, 0.19417203962802887, 0.12323973327875137, 0.2142297327518463, 0.19198136031627655, 0.17169739305973053, 0.1771983653306961, 0.21028092503547668, 0.21531914174556732, 0.171990767121315, 0.21502141654491425, 0.21672165393829346, 0.20482560992240906, 0.21095010638237, 0.2134716808795929, 0.21463920176029205, 0.21872414648532867, 0.21561753749847412, 0.22159835696220398, 0.2172021120786667, 0.22812217473983765]}