{"accuracy": [0.7991071343421936, 0.9575892686843872, 0.9732142686843872, 0.9665178656578064, 0.9776785969734192, 0.984375, 0.9955357313156128, 0.9977678656578064, 0.9955357313156128, 0.9933035969734192, 0.9955357313156128, 0.9977678656578064, 0.9977678656578064, 1.0, 1.0, 1.0, 1.0, 1.0, 1.0, 1.0, 1.0, 1.0, 1.0, 1.0, 1.0, 1.0, 1.0, 1.0, 1.0, 1.0, 1.0, 1.0, 1.0, 1.0], "loss": [0.6968806385993958, 0.1506398767232895, 0.08977413177490234, 0.07785274088382721, 0.05897427722811699, 0.03872063755989075, 0.03215709328651428, 0.02606118842959404, 0.028435004875063896, 0.020027324557304382, 0.02395769953727722, 0.012191282585263252, 0.009736904874444008, 0.005905610974878073, 0.004401327110826969, 0.0038417805917561054, 0.0044540646485984325, 0.0028196382336318493, 0.0027765296399593353, 0.0021412228234112263, 0.0018906306941062212, 0.0017625793116167188, 0.0015382419805973768, 0.0014094030484557152, 0.0013269520131871104, 0.0011816488113254309, 0.0010839037131518126, 0.0010189552558586001, 0.0009701227536424994, 0.0008827239507809281, 0.0008619268774054945, 0.0007990645244717598, 0.0007493008743040264, 0.0006926579517312348], "val_accuracy": [0.9544275999069214, 0.9303719997406006, 0.9475494027137756, 0.9433721303939819, 0.9547877311706543, 0.9377003312110901, 0.9567863345146179, 0.9375022649765015, 0.9596132636070251, 0.9293456673622131, 0.9573265314102173, 0.9380244016647339, 0.9442903995513916, 0.9445604681968689, 0.9462890028953552, 0.9460909366607666, 0.9436601996421814, 0.9445064663887024, 0.9455147981643677, 0.9436601996421814, 0.9441643357276917, 0.9459109306335449, 0.9443804025650024, 0.9454427361488342, 0.9445244669914246, 0.9449205994606018, 0.9453707337379456, 0.9450646638870239, 0.9437862634658813, 0.9449566006660461, 0.9443984031677246, 0.9435521364212036, 0.9453347325325012, 0.9443624019622803], "val_loss": [0.17340262234210968, 0.23012442886829376, 0.16877317428588867, 0.18395483493804932, 0.14580433070659637, 0.19745540618896484, 0.13391950726509094, 0.2010442316532135, 0.13269568979740143, 0.2487279623746872, 0.14226073026657104, 0.22025778889656067, 0.19771139323711395, 0.19946889579296112, 0.19611279666423798, 0.20028652250766754, 0.21269115805625916, 0.21250291168689728, 0.210102379322052, 0.22144721448421478, 0.2228151559829712, 0.21787893772125244, 0.22757190465927124, 0.22416293621063232, 0.23154345154762268, 0.23133982717990875, 0.23204363882541656, 0.2354428917169571, 0.24357831478118896, 0.23988424241542816, 0.2445031702518463, 0.24884583055973053, 0.24238872528076172, 0.2489672750234604]}