{"accuracy": [0.8571428656578064, 0.9464285969734192, 0.9642857313156128, 0.9642857313156128, 0.9732142686843872, 0.984375, 0.9910714030265808, 0.9933035969734192, 0.9977678656578064, 0.9977678656578064, 0.9977678656578064, 1.0, 1.0, 1.0, 1.0, 1.0, 1.0, 1.0, 1.0, 1.0, 1.0, 1.0, 1.0, 1.0, 1.0, 1.0, 1.0, 1.0, 1.0, 1.0, 1.0, 1.0, 1.0], "loss": [0.5063986778259277, 0.15678629279136658, 0.10727430135011673, 0.08871972560882568, 0.06262675672769547, 0.04633934050798416, 0.03525267168879509, 0.028810957446694374, 0.022179411724209785, 0.017038756981492043, 0.014194571413099766, 0.011747081764042377, 0.009218946099281311, 0.006883648224174976, 0.005377125460654497, 0.005270382855087519, 0.004210827872157097, 0.004159819800406694, 0.0038783233612775803, 0.002521991264075041, 0.002468528226017952, 0.0019053526921197772, 0.001658138120546937, 0.0013744877651333809, 0.0013482104986906052, 0.0011880806414410472, 0.0011098873801529408, 0.0010341269662603736, 0.0009880989091470838, 0.0008925314759835601, 0.0008421742240898311, 0.0007771395030431449, 0.0007682889117859304], "val_accuracy": [0.9570564031600952, 0.9435701966285706, 0.9362598657608032, 0.9483956694602966, 0.9511505365371704, 0.9451906681060791, 0.9448305368423462, 0.9557420015335083, 0.9459109306335449, 0.9433180689811707, 0.9533112645149231, 0.9400770664215088, 0.9496921300888062, 0.940833330154419, 0.9451186656951904, 0.9452807307243347, 0.9424718022346497, 0.9478195309638977, 0.9391947984695435, 0.9458568692207336, 0.9407612681388855, 0.9434261322021484, 0.9417155981063843, 0.9444344639778137, 0.9433180689811707, 0.9428679347038269, 0.9428499341011047, 0.9428679347038269, 0.9428679347038269, 0.9438762664794922, 0.9426158666610718, 0.9425978660583496, 0.9436241984367371], "val_loss": [0.16042742133140564, 0.18891701102256775, 0.19473214447498322, 0.15514402091503143, 0.15103629231452942, 0.16607685387134552, 0.16512250900268555, 0.13902471959590912, 0.16668996214866638, 0.17820042371749878, 0.15173779428005219, 0.1986786425113678, 0.1692558228969574, 0.20573274791240692, 0.19403746724128723, 0.19770732522010803, 0.21212297677993774, 0.19604362547397614, 0.2408229112625122, 0.2134849578142166, 0.2380085289478302, 0.22712092101573944, 0.2380690574645996, 0.22873197495937347, 0.23511266708374023, 0.24002467095851898, 0.24167893826961517, 0.2434760481119156, 0.24676313996315002, 0.24395200610160828, 0.25148922204971313, 0.25354811549186707, 0.25084564089775085]}