{"accuracy": [0.6294642686843872, 0.8950892686843872, 0.9017857313156128, 0.9084821343421936, 0.9107142686843872, 0.921875, 0.9263392686843872, 0.9285714030265808, 0.9308035969734192, 0.9330357313156128, 0.9330357313156128, 0.9352678656578064, 0.9397321343421936, 0.9397321343421936, 0.9419642686843872, 0.9464285969734192, 0.9464285969734192, 0.9486607313156128, 0.9486607313156128, 0.9508928656578064, 0.9486607313156128, 0.9508928656578064, 0.9508928656578064, 0.9508928656578064, 0.9486607313156128, 0.9486607313156128, 0.9508928656578064, 0.9486607313156128, 0.9464285969734192, 0.9486607313156128, 0.953125, 0.9486607313156128, 0.9508928656578064, 0.9486607313156128, 0.9508928656578064, 0.9486607313156128, 0.9486607313156128, 0.9486607313156128, 0.9486607313156128, 0.9486607313156128, 0.9486607313156128, 0.9486607313156128, 0.9486607313156128, 0.9486607313156128, 0.9486607313156128, 0.9486607313156128, 0.953125, 0.9486607313156128, 0.9464285969734192, 0.9464285969734192, 0.9508928656578064, 0.9508928656578064, 0.9508928656578064, 0.9508928656578064, 0.9486607313156128, 0.9508928656578064, 0.9486607313156128, 0.9486607313156128, 0.9486607313156128, 0.9464285969734192, 0.9508928656578064, 0.9508928656578064, 0.9486607313156128, 0.9508928656578064, 0.9486607313156128, 0.9508928656578064, 0.9508928656578064, 0.9508928656578064, 0.9508928656578064, 0.9508928656578064], "loss": [0.6262404322624207, 0.36995744705200195, 0.28374990820884705, 0.24866080284118652, 0.22726714611053467, 0.21295155584812164, 0.20104539394378662, 0.1913297176361084, 0.1853254735469818, 0.1767961084842682, 0.17185042798519135, 0.16644643247127533, 0.16344793140888214, 0.1592421680688858, 0.15572547912597656, 0.15359017252922058, 0.15047983825206757, 0.14804048836231232, 0.14658020436763763, 0.14462926983833313, 0.14297299087047577, 0.14133737981319427, 0.14027918875217438, 0.13947215676307678, 0.13923275470733643, 0.13691477477550507, 0.13626225292682648, 0.13564109802246094, 0.1355278044939041, 0.1343923956155777, 0.1341446042060852, 0.1333862841129303, 0.13431231677532196, 0.13216185569763184, 0.13280268013477325, 0.13238249719142914, 0.13232311606407166, 0.13229051232337952, 0.13215652108192444, 0.13106335699558258, 0.13091637194156647, 0.13077859580516815, 0.13067373633384705, 0.13074633479118347, 0.13063274323940277, 0.13071300089359283, 0.13118380308151245, 0.13054251670837402, 0.13109035789966583, 0.1300591230392456, 0.13028691709041595, 0.13026809692382812, 0.13075806200504303, 0.1299942582845688, 0.1299728900194168, 0.13032957911491394, 0.12974068522453308, 0.1296624392271042, 0.13024649024009705, 0.13045422732830048, 0.13034728169441223, 0.1296561360359192, 0.13019390404224396, 0.1303945928812027, 0.1298205703496933, 0.12951093912124634, 0.12949885427951813, 0.12994502484798431, 0.13010966777801514, 0.12935063242912292], "val_accuracy": [0.9889445304870605, 0.9992617964744568, 0.9990817308425903, 0.9987936019897461, 0.995876669883728, 0.9956786632537842, 0.9915913343429565, 0.9915193319320679, 0.9886744022369385, 0.9882963299751282, 0.9875580668449402, 0.9837048649787903, 0.9814541339874268, 0.9826245307922363, 0.9789873361587524, 0.9785552024841309, 0.9786812663078308, 0.9760884642601013, 0.9735496640205383, 0.9758903980255127, 0.9705066680908203, 0.9699485301971436, 0.9700565338134766, 0.964546799659729, 0.9703806638717651, 0.9655731320381165, 0.9632143974304199, 0.9631063342094421, 0.9593251347541809, 0.9647088646888733, 0.9645107984542847, 0.9584248661994934, 0.9626922011375427, 0.9589830636978149, 0.953059196472168, 0.9570024013519287, 0.9595412015914917, 0.959937334060669, 0.9542115330696106, 0.9568043351173401, 0.9549137353897095, 0.955597996711731, 0.9549317359924316, 0.9556879997253418, 0.954733669757843, 0.9508444666862488, 0.9567503333091736, 0.947963535785675, 0.9559760689735413, 0.9499801993370056, 0.953905463218689, 0.9503403306007385, 0.9548237323760986, 0.9488458633422852, 0.9499621987342834, 0.9511145353317261, 0.9485397338867188, 0.9518167972564697, 0.9497101306915283, 0.955345869064331, 0.9486477971076965, 0.9522849321365356, 0.9466671347618103, 0.953545331954956, 0.9495120644569397, 0.9473873972892761, 0.9501962661743164, 0.9458929300308228, 0.954013466835022, 0.9500522017478943], "val_loss": [0.5306351780891418, 0.26735126972198486, 0.22374974191188812, 0.19561302661895752, 0.20446540415287018, 0.16602428257465363, 0.1762690246105194, 0.15399879217147827, 0.16205410659313202, 0.14768029749393463, 0.13877356052398682, 0.15001021325588226, 0.1544811725616455, 0.13645032048225403, 0.14893534779548645, 0.14224781095981598, 0.13472187519073486, 0.1407923847436905, 0.14634965360164642, 0.13083188235759735, 0.14712341129779816, 0.1435527205467224, 0.13893187046051025, 0.15274553000926971, 0.12954755127429962, 0.14192648231983185, 0.14829041063785553, 0.1462554931640625, 0.15570373833179474, 0.13552454113960266, 0.13388366997241974, 0.15186581015586853, 0.1376592367887497, 0.14720286428928375, 0.16405636072158813, 0.15032446384429932, 0.14196044206619263, 0.1397015005350113, 0.15584126114845276, 0.14726980030536652, 0.15151441097259521, 0.1489349901676178, 0.15034924447536469, 0.1474519819021225, 0.14963997900485992, 0.15920545160770416, 0.14274859428405762, 0.16471537947654724, 0.14330129325389862, 0.15889185667037964, 0.14912913739681244, 0.15695971250534058, 0.1457737535238266, 0.15997034311294556, 0.15707366168498993, 0.15399222075939178, 0.16044941544532776, 0.15151695907115936, 0.15625742077827454, 0.14208270609378815, 0.158903568983078, 0.14987340569496155, 0.1635734587907791, 0.14703325927257538, 0.15574030578136444, 0.16135475039482117, 0.15336230397224426, 0.16484418511390686, 0.14418300986289978, 0.15372726321220398]}