{"accuracy": [0.6517857313156128, 0.90625, 0.9084821343421936, 0.9107142686843872, 0.9151785969734192, 0.9241071343421936, 0.9241071343421936, 0.9285714030265808, 0.9308035969734192, 0.9352678656578064, 0.9330357313156128, 0.9375, 0.9375, 0.9441964030265808, 0.9464285969734192, 0.9441964030265808, 0.9464285969734192, 0.9464285969734192, 0.9508928656578064, 0.9508928656578064, 0.9508928656578064, 0.9486607313156128, 0.9508928656578064, 0.9486607313156128, 0.9508928656578064, 0.9486607313156128, 0.9508928656578064, 0.9508928656578064, 0.9486607313156128, 0.9508928656578064, 0.9508928656578064, 0.9486607313156128, 0.9508928656578064, 0.9508928656578064, 0.9486607313156128, 0.9486607313156128, 0.9486607313156128, 0.9508928656578064, 0.9464285969734192, 0.9486607313156128, 0.9464285969734192, 0.953125, 0.9508928656578064, 0.9508928656578064, 0.9464285969734192, 0.9486607313156128, 0.9508928656578064, 0.9464285969734192, 0.9508928656578064, 0.953125, 0.9508928656578064, 0.9486607313156128, 0.9508928656578064, 0.9486607313156128, 0.9486607313156128, 0.9486607313156128, 0.9508928656578064, 0.953125, 0.9508928656578064, 0.9486607313156128, 0.9508928656578064], "loss": [0.5731953382492065, 0.34689298272132874, 0.27094361186027527, 0.23981890082359314, 0.2216576337814331, 0.2079571932554245, 0.19773711264133453, 0.18904505670070648, 0.18162773549556732, 0.17631709575653076, 0.1713140308856964, 0.1647144854068756, 0.16104888916015625, 0.15750239789485931, 0.1543145328760147, 0.1517823487520218, 0.14938314259052277, 0.14705730974674225, 0.14524111151695251, 0.14360715448856354, 0.14180178940296173, 0.14162632822990417, 0.14086763560771942, 0.1381656676530838, 0.1373879611492157, 0.1370268613100052, 0.13567863404750824, 0.135204017162323, 0.13504943251609802, 0.13448354601860046, 0.13402554392814636, 0.13325165212154388, 0.13277725875377655, 0.13201561570167542, 0.13283728063106537, 0.1317741423845291, 0.13184715807437897, 0.13148702681064606, 0.13123184442520142, 0.13095225393772125, 0.1322198361158371, 0.1307067722082138, 0.1304890513420105, 0.13084177672863007, 0.13368484377861023, 0.13286437094211578, 0.13017450273036957, 0.13026279211044312, 0.13014625012874603, 0.13040028512477875, 0.13047310709953308, 0.1298723816871643, 0.12992510199546814, 0.13071291148662567, 0.13202418386936188, 0.13043934106826782, 0.13107749819755554, 0.13056626915931702, 0.13033437728881836, 0.12941035628318787, 0.1301991194486618], "val_accuracy": [0.9981994032859802, 0.9991177320480347, 0.9988836646080017, 0.9988476634025574, 0.9975512027740479, 0.9933739304542542, 0.991159200668335, 0.991051197052002, 0.9871979355812073, 0.985469400882721, 0.9873960018157959, 0.9832186698913574, 0.9827685356140137, 0.9806438684463501, 0.980391800403595, 0.9792394638061523, 0.9784832000732422, 0.975080132484436, 0.975548267364502, 0.9745579361915588, 0.973009467124939, 0.9649429321289062, 0.9714069366455078, 0.9652130007743835, 0.9670675992965698, 0.9649969339370728, 0.9658972024917603, 0.9612157344818115, 0.9640786647796631, 0.9596672654151917, 0.9620800018310547, 0.9601714015007019, 0.9577586650848389, 0.9583708643913269, 0.9619899988174438, 0.9569844007492065, 0.957164466381073, 0.9541034698486328, 0.9559940695762634, 0.9559940695762634, 0.95693039894104, 0.9527710676193237, 0.9551658034324646, 0.9535813331604004, 0.9601173996925354, 0.9432820677757263, 0.9535993337631226, 0.9544636011123657, 0.9519608020782471, 0.9507724642753601, 0.9494940638542175, 0.9540854692459106, 0.9517807364463806, 0.9472613334655762, 0.9586949348449707, 0.9529511332511902, 0.9420576691627502, 0.9541215300559998, 0.9528070688247681, 0.9442903995513916, 0.9496921300888062], "val_loss": [0.4858095049858093, 0.24836844205856323, 0.225862056016922, 0.1907186061143875, 0.17059069871902466, 0.16979244351387024, 0.1692393571138382, 0.14975620806217194, 0.15984731912612915, 0.15547387301921844, 0.12870559096336365, 0.14811447262763977, 0.141454815864563, 0.14476294815540314, 0.1373136341571808, 0.13681574165821075, 0.13420391082763672, 0.14395666122436523, 0.1363326460123062, 0.13455592095851898, 0.13466905057430267, 0.15867409110069275, 0.1302109807729721, 0.14852024614810944, 0.13913914561271667, 0.1432265043258667, 0.13691610097885132, 0.15166738629341125, 0.1388842612504959, 0.1521953046321869, 0.1415814310312271, 0.14568790793418884, 0.15212690830230713, 0.1489703208208084, 0.1354977786540985, 0.14994435012340546, 0.1477809101343155, 0.15526877343654633, 0.1493765413761139, 0.148840993642807, 0.1453133374452591, 0.15602180361747742, 0.14829297363758087, 0.15264031291007996, 0.13355512917041779, 0.1775187999010086, 0.1510307341814041, 0.14792098104953766, 0.15376773476600647, 0.15568257868289948, 0.15844722092151642, 0.14736495912075043, 0.15288621187210083, 0.1634441465139389, 0.13350485265254974, 0.14891712367534637, 0.17577439546585083, 0.1458614468574524, 0.14865511655807495, 0.16950063407421112, 0.15518774092197418]}