{"accuracy": [0.7366071343421936, 0.8950892686843872, 0.90625, 0.9129464030265808, 0.921875, 0.921875, 0.9263392686843872, 0.9308035969734192, 0.9308035969734192, 0.9330357313156128, 0.9375, 0.9419642686843872, 0.9397321343421936, 0.9397321343421936, 0.9464285969734192, 0.9464285969734192, 0.9464285969734192, 0.9464285969734192, 0.9508928656578064, 0.953125, 0.953125, 0.9508928656578064, 0.9508928656578064, 0.9508928656578064, 0.9508928656578064, 0.9508928656578064, 0.9508928656578064, 0.9486607313156128, 0.9486607313156128, 0.9508928656578064, 0.9508928656578064, 0.9486607313156128, 0.9508928656578064, 0.9486607313156128, 0.9508928656578064, 0.9464285969734192, 0.9486607313156128, 0.9486607313156128, 0.9508928656578064, 0.9508928656578064, 0.9508928656578064, 0.9508928656578064, 0.9508928656578064, 0.953125, 0.9508928656578064, 0.9508928656578064, 0.9508928656578064, 0.9508928656578064, 0.9508928656578064, 0.9486607313156128, 0.9508928656578064, 0.9508928656578064, 0.9508928656578064, 0.9486607313156128, 0.953125, 0.9486607313156128, 0.9508928656578064, 0.953125, 0.9486607313156128, 0.9464285969734192, 0.9508928656578064, 0.9508928656578064, 0.9508928656578064, 0.9486607313156128], "loss": [0.5452901721000671, 0.3390538990497589, 0.2675723135471344, 0.23642781376838684, 0.21765467524528503, 0.20353208482265472, 0.1942525953054428, 0.18566785752773285, 0.17900024354457855, 0.17242322862148285, 0.1684093177318573, 0.16551414132118225, 0.1589973121881485, 0.1581428050994873, 0.15266908705234528, 0.1509629338979721, 0.14856772124767303, 0.14684541523456573, 0.14500324428081512, 0.14414522051811218, 0.1413591057062149, 0.14021776616573334, 0.1389240324497223, 0.13797983527183533, 0.13718219101428986, 0.13730189204216003, 0.13670265674591064, 0.13531769812107086, 0.13503161072731018, 0.13439005613327026, 0.13460974395275116, 0.13470792770385742, 0.13302698731422424, 0.13278205692768097, 0.13270540535449982, 0.13175447285175323, 0.13151688873767853, 0.13125014305114746, 0.1309944987297058, 0.1311482936143875, 0.1312706172466278, 0.1311206817626953, 0.1311727911233902, 0.13029851019382477, 0.13034801185131073, 0.13058750331401825, 0.1307663768529892, 0.12982270121574402, 0.12992902100086212, 0.1302139163017273, 0.13019554316997528, 0.12977227568626404, 0.13131844997406006, 0.12957608699798584, 0.13048119843006134, 0.12981781363487244, 0.12973903119564056, 0.13006091117858887, 0.12980376183986664, 0.13010504841804504, 0.13020674884319305, 0.13158033788204193, 0.13003435730934143, 0.13221658766269684], "val_accuracy": [0.9993337988853455, 0.999279797077179, 0.9990096688270569, 0.9988836646080017, 0.9940581321716309, 0.9934279322624207, 0.9913752675056458, 0.9884763360023499, 0.988620400428772, 0.9838849306106567, 0.9842270016670227, 0.9804818034172058, 0.9823904633522034, 0.9823004007339478, 0.9780690670013428, 0.9769707322120667, 0.9773488640785217, 0.9766286015510559, 0.9759984016418457, 0.9723252654075623, 0.9709028005599976, 0.9694263339042664, 0.9691562652587891, 0.9679498672485352, 0.9658432006835938, 0.9673556685447693, 0.9662213325500488, 0.9589110016822815, 0.9603874683380127, 0.9640066027641296, 0.9563542008399963, 0.9628002643585205, 0.9595232009887695, 0.9593611359596252, 0.9591811299324036, 0.9577406644821167, 0.9572004675865173, 0.9572004675865173, 0.9562101364135742, 0.9566963315010071, 0.9509525299072266, 0.956192135810852, 0.9518707990646362, 0.9548777341842651, 0.9554179310798645, 0.9529871344566345, 0.9514566659927368, 0.9548057317733765, 0.9541034698486328, 0.9550397992134094, 0.9494220018386841, 0.9501242637634277, 0.9574525356292725, 0.9509525299072266, 0.9494220018386841, 0.9501242637634277, 0.946397066116333, 0.9519248008728027, 0.9497461318969727, 0.9539234638214111, 0.9495660662651062, 0.9479815363883972, 0.9465591311454773, 0.955471932888031], "val_loss": [0.4119638502597809, 0.23920771479606628, 0.22504962980747223, 0.18758130073547363, 0.18510626256465912, 0.15629154443740845, 0.15479181706905365, 0.16004712879657745, 0.138875812292099, 0.1571541279554367, 0.1416138857603073, 0.16099312901496887, 0.13483858108520508, 0.127688929438591, 0.1502503752708435, 0.1488746851682663, 0.13928623497486115, 0.1361740380525589, 0.13364604115486145, 0.1424831748008728, 0.14196094870567322, 0.14279821515083313, 0.13965260982513428, 0.1405019313097, 0.14386965334415436, 0.13532088696956635, 0.1360188126564026, 0.15874753892421722, 0.15171462297439575, 0.13769376277923584, 0.1600877195596695, 0.13836894929409027, 0.1473110467195511, 0.14670059084892273, 0.14538432657718658, 0.148048534989357, 0.14821656048297882, 0.1475265473127365, 0.14945951104164124, 0.14743293821811676, 0.1632899045944214, 0.1467418074607849, 0.1588616669178009, 0.1493646651506424, 0.14740701019763947, 0.15418857336044312, 0.1571725308895111, 0.1480083167552948, 0.14960138499736786, 0.14671768248081207, 0.16048678755760193, 0.1581692397594452, 0.1378568410873413, 0.1554356813430786, 0.1581571251153946, 0.15667705237865448, 0.16565854847431183, 0.15169812738895416, 0.15710538625717163, 0.14623257517814636, 0.15593452751636505, 0.15973982214927673, 0.16403315961360931, 0.1409282684326172]}