{"accuracy": [0.6830357313156128, 0.9084821343421936, 0.9107142686843872, 0.9129464030265808, 0.9196428656578064, 0.921875, 0.9330357313156128, 0.9330357313156128, 0.9330357313156128, 0.9330357313156128, 0.9375, 0.9375, 0.9419642686843872, 0.9441964030265808, 0.9397321343421936, 0.9464285969734192, 0.9486607313156128, 0.9486607313156128, 0.9486607313156128, 0.9508928656578064, 0.9508928656578064, 0.953125, 0.953125, 0.953125, 0.9508928656578064, 0.9508928656578064, 0.9486607313156128, 0.9486607313156128, 0.9486607313156128, 0.9486607313156128, 0.9486607313156128, 0.9508928656578064, 0.9486607313156128, 0.9486607313156128, 0.9441964030265808, 0.9508928656578064, 0.9508928656578064, 0.9508928656578064, 0.9486607313156128, 0.9508928656578064, 0.9486607313156128, 0.9486607313156128, 0.9508928656578064, 0.9508928656578064, 0.9464285969734192, 0.953125, 0.9486607313156128, 0.9508928656578064, 0.9486607313156128, 0.9486607313156128, 0.9441964030265808, 0.9508928656578064, 0.9464285969734192, 0.9486607313156128, 0.9508928656578064, 0.9508928656578064, 0.9508928656578064, 0.9508928656578064, 0.9508928656578064, 0.9486607313156128, 0.953125, 0.953125, 0.9486607313156128, 0.9486607313156128, 0.9508928656578064], "loss": [0.5598102807998657, 0.3457992970943451, 0.27091774344444275, 0.23886652290821075, 0.21970324218273163, 0.2056528776884079, 0.1956535428762436, 0.18661390244960785, 0.17922382056713104, 0.17267172038555145, 0.16789376735687256, 0.1640826314687729, 0.16093139350414276, 0.15578234195709229, 0.15433721244335175, 0.15042057633399963, 0.14846989512443542, 0.14624211192131042, 0.1443530172109604, 0.14270362257957458, 0.1413862705230713, 0.13993848860263824, 0.13890166580677032, 0.13815703988075256, 0.1372024118900299, 0.13596263527870178, 0.13560612499713898, 0.13493356108665466, 0.13419170677661896, 0.13413266837596893, 0.1330455243587494, 0.13299429416656494, 0.13277031481266022, 0.13344863057136536, 0.13321039080619812, 0.1315697580575943, 0.13209687173366547, 0.13104557991027832, 0.13105392456054688, 0.13125969469547272, 0.1305435448884964, 0.13053013384342194, 0.13047131896018982, 0.1307060718536377, 0.13196039199829102, 0.12978416681289673, 0.13030317425727844, 0.13022778928279877, 0.1306696981191635, 0.1303352564573288, 0.13067959249019623, 0.12954679131507874, 0.13024309277534485, 0.1300635188817978, 0.12994270026683807, 0.13086135685443878, 0.1300157755613327, 0.13019292056560516, 0.12963594496250153, 0.1296139657497406, 0.12957189977169037, 0.1302982121706009, 0.13149403035640717, 0.1291474997997284, 0.1298605352640152], "val_accuracy": [0.9891785979270935, 0.9988296031951904, 0.9986315965652466, 0.9978213310241699, 0.9973351359367371, 0.9925996661186218, 0.9914292693138123, 0.9905290007591248, 0.9895026683807373, 0.9870899319648743, 0.9846771359443665, 0.9835247993469238, 0.9787532687187195, 0.9811840653419495, 0.9811480641365051, 0.9750621318817139, 0.9748640656471252, 0.9738017320632935, 0.9729734659194946, 0.970362663269043, 0.9694263339042664, 0.9684720635414124, 0.9686340689659119, 0.9665634632110596, 0.9660592675209045, 0.9634844660758972, 0.9627822637557983, 0.9613597989082336, 0.9633404016494751, 0.9627642631530762, 0.9607475996017456, 0.9593251347541809, 0.9610536694526672, 0.9625661969184875, 0.9498001337051392, 0.9566422700881958, 0.9615038633346558, 0.9549137353897095, 0.9553819298744202, 0.9529511332511902, 0.9552918672561646, 0.9573445320129395, 0.9537433981895447, 0.9507184028625488, 0.9581727981567383, 0.949656069278717, 0.9504303336143494, 0.9507904648780823, 0.9542655348777771, 0.94989013671875, 0.9563542008399963, 0.9516547322273254, 0.9441463351249695, 0.9506103992462158, 0.9501422643661499, 0.9456948637962341, 0.9564802646636963, 0.9478735327720642, 0.9472973346710205, 0.9502322673797607, 0.9524289965629578, 0.9432640671730042, 0.9545896649360657, 0.9460009336471558, 0.9436962008476257], "val_loss": [0.49814531207084656, 0.280430406332016, 0.22142410278320312, 0.20003356039524078, 0.17493361234664917, 0.17415595054626465, 0.16657304763793945, 0.15551844239234924, 0.14485259354114532, 0.14983713626861572, 0.14973054826259613, 0.14251157641410828, 0.1596721112728119, 0.13584019243717194, 0.1298290491104126, 0.15257015824317932, 0.1461738795042038, 0.14356164634227753, 0.14084768295288086, 0.1446157693862915, 0.1425786018371582, 0.1419094204902649, 0.13707199692726135, 0.14169931411743164, 0.1401914358139038, 0.1469724029302597, 0.14663507044315338, 0.14871515333652496, 0.14013372361660004, 0.14042608439922333, 0.1452329009771347, 0.1470911204814911, 0.14105401933193207, 0.1351403295993805, 0.17069759964942932, 0.14961938560009003, 0.13482525944709778, 0.15263521671295166, 0.15042908489704132, 0.15656127035617828, 0.14941735565662384, 0.14297853410243988, 0.15272843837738037, 0.1595563143491745, 0.1385875940322876, 0.1607428789138794, 0.15820463001728058, 0.1572788953781128, 0.14842632412910461, 0.15812860429286957, 0.14070627093315125, 0.15341807901859283, 0.17169365286827087, 0.15495608747005463, 0.15607568621635437, 0.16704435646533966, 0.13948461413383484, 0.16054967045783997, 0.1613711416721344, 0.15373191237449646, 0.1491066813468933, 0.1708703339099884, 0.14312274754047394, 0.16426637768745422, 0.1698649376630783]}