{"accuracy": [0.9953734278678894, 0.999110996723175, 0.9994434118270874, 0.9994820952415466, 0.9995439052581787, 0.999609649181366, 0.9996134638786316, 0.9996792078018188, 0.9997410178184509, 0.9997448921203613, 0.9997178316116333, 0.9997448921203613, 0.9997873902320862, 0.9997448921203613, 0.9997990131378174, 0.9998453855514526, 0.9998028874397278, 0.9998531341552734, 0.9997448921203613, 0.9998338222503662, 0.9998531341552734, 0.9997758269309998, 0.9998724460601807, 0.999849259853363, 0.9998608827590942, 0.9998763203620911, 0.9998685717582703, 0.9998415112495422, 0.9998995065689087], "loss": [0.019723765552043915, 0.005513182375580072, 0.0028930041007697582, 0.002980418736115098, 0.0022182539105415344, 0.0023616368416696787, 0.0021694712340831757, 0.0016923287184908986, 0.0018199466867372394, 0.001589565770700574, 0.002045691478997469, 0.0015462917508557439, 0.0012069216463714838, 0.0015793414786458015, 0.0011675851419568062, 0.0010216119699180126, 0.0008427186985500157, 0.0011987377656623721, 0.0016051678685471416, 0.0011133943917229772, 0.0011384427780285478, 0.0017117152456194162, 0.0008970911148935556, 0.0010950431460514665, 0.0010929718846455216, 0.0008002663962543011, 0.0007663836586289108, 0.0011223037727177143, 0.001072271028533578], "val_accuracy": [0.9982714653015137, 0.999027669429779, 0.9991357326507568, 0.9993157982826233, 0.9992077350616455, 0.9993337988853455, 0.9992437362670898, 0.9993337988853455, 0.999387800693512, 0.999153733253479, 0.9993157982826233, 0.9993698000907898, 0.9994058012962341, 0.9994778633117676, 0.9994598031044006, 0.9991357326507568, 0.9994958639144897, 0.9991717338562012, 0.9994418025016785, 0.9994958639144897, 0.9995138645172119, 0.9994598031044006, 0.9995318651199341, 0.9994238018989563, 0.9994958639144897, 0.9995138645172119, 0.9994958639144897, 0.9994418025016785, 0.999279797077179], "val_loss": [0.007806591689586639, 0.007692861836403608, 0.006636390928179026, 0.005159823689609766, 0.007432920858263969, 0.008235513232648373, 0.007493256591260433, 0.007473589386790991, 0.00797506794333458, 0.008956856094300747, 0.008133401162922382, 0.010782659985125065, 0.009254773147404194, 0.009524268098175526, 0.008669721893966198, 0.012014276348054409, 0.009233277291059494, 0.012755065225064754, 0.01071571372449398, 0.011676293797791004, 0.01131046935915947, 0.011525378562510014, 0.010887871496379375, 0.011941217817366123, 0.011677548289299011, 0.012301838956773281, 0.011723517440259457, 0.012696152552962303, 0.013947565108537674]}