{"accuracy": [0.9949328303337097, 0.9991574287414551, 0.9993158578872681, 0.9995245933532715, 0.9995980262756348, 0.9996134638786316, 0.9996212124824524, 0.9996521472930908, 0.9997178316116333, 0.9997371435165405, 0.9997526407241821, 0.9997797012329102, 0.9997642040252686, 0.9997526407241821, 0.9998840689659119, 0.9998067617416382, 0.999822199344635, 0.9997990131378174, 0.999849259853363, 0.999768078327179, 0.9998376369476318, 0.9998685717582703, 0.999849259853363, 0.9998878836631775, 0.9998338222503662, 0.9998763203620911, 0.9998917579650879, 0.9999343156814575], "loss": [0.022101538255810738, 0.004689541179686785, 0.003147973446175456, 0.0024949596263468266, 0.002134267007932067, 0.0022649040911346674, 0.0018734245095402002, 0.0020400863140821457, 0.0014552524080500007, 0.0015853934455662966, 0.0016579951625317335, 0.0013130027800798416, 0.001509153749793768, 0.0018339789239689708, 0.0008719260804355145, 0.001198865589685738, 0.0013841981999576092, 0.0012879016576334834, 0.0013258320977911353, 0.0023498020600527525, 0.0016592427855357528, 0.00122574414126575, 0.0012649546843022108, 0.0009115220163948834, 0.0011522993445396423, 0.0007347690989263356, 0.000746633973903954, 0.0004191929765511304], "val_accuracy": [0.9985955357551575, 0.9988116025924683, 0.9991897344589233, 0.999153733253479, 0.999153733253479, 0.9991897344589233, 0.999279797077179, 0.9994058012962341, 0.9993337988853455, 0.9994418025016785, 0.9992617964744568, 0.9993337988853455, 0.9994058012962341, 0.9993517994880676, 0.9994418025016785, 0.9993517994880676, 0.9994238018989563, 0.999279797077179, 0.9993517994880676, 0.9993337988853455, 0.9994958639144897, 0.9995138645172119, 0.9994778633117676, 0.9992977976799011, 0.9993517994880676, 0.999279797077179, 0.9994058012962341, 0.9993517994880676], "val_loss": [0.010079709812998772, 0.009173331782221794, 0.006461481098085642, 0.007544003892689943, 0.008271115832030773, 0.008418732322752476, 0.007847161963582039, 0.00868533831089735, 0.009120815433561802, 0.009212065488100052, 0.009253419935703278, 0.012423725798726082, 0.009714965708553791, 0.013009554706513882, 0.009986512362957, 0.011898568831384182, 0.011142861098051071, 0.012429727241396904, 0.011811045929789543, 0.02026066929101944, 0.01143941655755043, 0.012329032644629478, 0.01206200011074543, 0.014056505635380745, 0.013182714581489563, 0.013797366060316563, 0.013836073689162731, 0.015015888959169388]}