{"accuracy": [0.9950951337814331, 0.9991574287414551, 0.9993390440940857, 0.9994859099388123, 0.9995323419570923, 0.9996405243873596, 0.9996675848960876, 0.9996675848960876, 0.9997101426124573, 0.9997526407241821, 0.9997603893280029, 0.999768078327179, 0.9997873902320862, 0.999768078327179, 0.9998028874397278, 0.999822199344635, 0.999849259853363, 0.9998067617416382, 0.9998299479484558, 0.9998144507408142, 0.9998724460601807, 0.9998724460601807, 0.999849259853363, 0.9998878836631775, 0.9998840689659119, 0.9998840689659119, 0.9998685717582703, 0.9998878836631775], "loss": [0.02079801820218563, 0.004632684867829084, 0.0037716380320489407, 0.002802376402541995, 0.0025670970790088177, 0.002016223268583417, 0.0017946275183930993, 0.001798137091100216, 0.0017276117578148842, 0.0016059045447036624, 0.001637203968130052, 0.0015596261946484447, 0.001720904721878469, 0.001589960535056889, 0.0012726205168291926, 0.0012657156912609935, 0.0012225962709635496, 0.0015050395159050822, 0.0013753706589341164, 0.0012301235692575574, 0.0007228326285257936, 0.0007182786357589066, 0.001051222556270659, 0.0006237897323444486, 0.0008334302110597491, 0.0008242985932156444, 0.0013153681065887213, 0.0011085107689723372], "val_accuracy": [0.9986135363578796, 0.9989376664161682, 0.999153733253479, 0.9992437362670898, 0.9993337988853455, 0.999279797077179, 0.9993157982826233, 0.9990997314453125, 0.9993157982826233, 0.9994418025016785, 0.999387800693512, 0.9994598031044006, 0.9990456700325012, 0.9994418025016785, 0.9993698000907898, 0.9995678663253784, 0.999387800693512, 0.9994238018989563, 0.9994058012962341, 0.9988656640052795, 0.9995318651199341, 0.9994418025016785, 0.999279797077179, 0.9993698000907898, 0.9994598031044006, 0.9994238018989563, 0.9995138645172119, 0.9995318651199341], "val_loss": [0.008463248610496521, 0.006716880947351456, 0.006166765000671148, 0.006461660377681255, 0.008101020939648151, 0.0068923006765544415, 0.007828828878700733, 0.008656725287437439, 0.0077360994182527065, 0.007742815185338259, 0.00884508527815342, 0.008953605778515339, 0.011891447938978672, 0.008976918645203114, 0.0106018902733922, 0.009397831745445728, 0.010052948258817196, 0.010432086884975433, 0.010848167352378368, 0.014335891231894493, 0.011088107712566853, 0.010777406394481659, 0.013605044223368168, 0.0116701889783144, 0.014285171404480934, 0.013317861594259739, 0.012398815713822842, 0.013592185452580452]}