{"accuracy": [0.9951647520065308, 0.9992308616638184, 0.9994511604309082, 0.9995284676551819, 0.999590277671814, 0.999609649181366, 0.9996366500854492, 0.9997101426124573, 0.9997294545173645, 0.9997255802154541, 0.9997062683105469, 0.9997797012329102, 0.9997642040252686, 0.9998106360435486, 0.9998338222503662, 0.9997873902320862, 0.9998646974563599, 0.999795138835907, 0.9998570084571838, 0.999849259853363, 0.9998028874397278, 0.9998415112495422, 0.9998570084571838, 0.9998917579650879, 0.9998646974563599, 0.9998956322669983, 0.9998724460601807, 0.9999149441719055, 0.9998415112495422], "loss": [0.021332424134016037, 0.004207123536616564, 0.002769425045698881, 0.0024537849240005016, 0.0021005477756261826, 0.001876251888461411, 0.0019408498192206025, 0.0018095100531354547, 0.0013979666400700808, 0.0023590601049363613, 0.0015732924221083522, 0.001225407118909061, 0.0010856413282454014, 0.001367321703583002, 0.0013242104323580861, 0.0013499519554898143, 0.0013303164159879088, 0.001696250052191317, 0.0012392067583277822, 0.0010801746975630522, 0.0011667581275105476, 0.0009489221847616136, 0.0009991329861804843, 0.0009002203587442636, 0.0011756761232391, 0.00128074549138546, 0.0010072961449623108, 0.000678728858474642, 0.0007779720472171903], "val_accuracy": [0.9985955357551575, 0.9990637302398682, 0.998919665813446, 0.9992437362670898, 0.9992077350616455, 0.9989376664161682, 0.999279797077179, 0.9990637302398682, 0.9991717338562012, 0.9994238018989563, 0.9994418025016785, 0.9993157982826233, 0.9993157982826233, 0.9994058012962341, 0.9993698000907898, 0.9994418025016785, 0.999027669429779, 0.9994238018989563, 0.9992617964744568, 0.9993698000907898, 0.9993698000907898, 0.9993337988853455, 0.9994418025016785, 0.9993157982826233, 0.9994778633117676, 0.9995138645172119, 0.999387800693512, 0.9987035989761353, 0.9993698000907898], "val_loss": [0.007455118931829929, 0.006771460175514221, 0.008627541363239288, 0.006488616578280926, 0.007135668303817511, 0.009227834641933441, 0.009429655969142914, 0.011750783771276474, 0.008851420134305954, 0.008895200677216053, 0.008820130489766598, 0.008364367298781872, 0.01030104048550129, 0.009272930212318897, 0.00989582296460867, 0.010151823051273823, 0.01716112159192562, 0.011019020341336727, 0.012210898101329803, 0.013657994568347931, 0.011449767276644707, 0.013389959000051022, 0.013078892603516579, 0.014946553856134415, 0.013694005087018013, 0.013552360236644745, 0.013656986877322197, 0.01809014566242695, 0.017764760181307793]}