{"accuracy": [0.4888392984867096, 0.8236607313156128, 0.8950892686843872, 0.8973214030265808, 0.90625, 0.9151785969734192, 0.9263392686843872, 0.9330357313156128, 0.9330357313156128, 0.9375, 0.9397321343421936, 0.9419642686843872, 0.9419642686843872, 0.9419642686843872, 0.9419642686843872, 0.9441964030265808, 0.9486607313156128, 0.9508928656578064, 0.9508928656578064, 0.953125, 0.9553571343421936, 0.9575892686843872, 0.9575892686843872, 0.9575892686843872, 0.9575892686843872, 0.9575892686843872, 0.9575892686843872, 0.9575892686843872, 0.9575892686843872, 0.9575892686843872, 0.9598214030265808, 0.9598214030265808, 0.9575892686843872, 0.9575892686843872, 0.9620535969734192, 0.9598214030265808, 0.9620535969734192, 0.9642857313156128, 0.9642857313156128, 0.9642857313156128, 0.9620535969734192, 0.9620535969734192, 0.9620535969734192, 0.9642857313156128, 0.9620535969734192, 0.9620535969734192, 0.9642857313156128, 0.9665178656578064, 0.9642857313156128, 0.9642857313156128, 0.9642857313156128, 0.9642857313156128, 0.9665178656578064, 0.9642857313156128, 0.96875, 0.9665178656578064, 0.96875, 0.9642857313156128, 0.9665178656578064, 0.9665178656578064, 0.9665178656578064, 0.9642857313156128, 0.9665178656578064, 0.9709821343421936, 0.96875, 0.96875, 0.9709821343421936, 0.96875, 0.96875, 0.96875], "loss": [0.6933711767196655, 0.4640149772167206, 0.34950870275497437, 0.2912772297859192, 0.25732216238975525, 0.23424473404884338, 0.21616728603839874, 0.20275774598121643, 0.1917848289012909, 0.18283748626708984, 0.17519338428974152, 0.16787977516651154, 0.16268953680992126, 0.15709300339221954, 0.15251469612121582, 0.1486973762512207, 0.1447308361530304, 0.14146575331687927, 0.13860931992530823, 0.13590551912784576, 0.13325129449367523, 0.13063867390155792, 0.12848250567913055, 0.1266051083803177, 0.12505368888378143, 0.12325411289930344, 0.12167467921972275, 0.12064013630151749, 0.11896184831857681, 0.11765729635953903, 0.1162974089384079, 0.11506104469299316, 0.11442743986845016, 0.11328010261058807, 0.1123649924993515, 0.11175691336393356, 0.11057522147893906, 0.11030089110136032, 0.10976481437683105, 0.10889682918787003, 0.10835351049900055, 0.10750708729028702, 0.10785149037837982, 0.10624856501817703, 0.10586971789598465, 0.10528211295604706, 0.1049724891781807, 0.10435713827610016, 0.10406334698200226, 0.10399147123098373, 0.10366062819957733, 0.10304154455661774, 0.10240563005208969, 0.10245401412248611, 0.10249008983373642, 0.10151282697916031, 0.10157350450754166, 0.10112462192773819, 0.10071057081222534, 0.10069020092487335, 0.10044358670711517, 0.10015849769115448, 0.09973616153001785, 0.09934210032224655, 0.09924941509962082, 0.0991021916270256, 0.09888730198144913, 0.09899552166461945, 0.09825851768255234, 0.09880310297012329], "val_accuracy": [0.3680182993412018, 0.9925996661186218, 0.9988476634025574, 0.9989016652107239, 0.9982894659042358, 0.9973891973495483, 0.9936259984970093, 0.9911412000656128, 0.9899708032608032, 0.9867298007011414, 0.9846051335334778, 0.9846411347389221, 0.9839749336242676, 0.9820123314857483, 0.9797075986862183, 0.9784471988677979, 0.9791854023933411, 0.978699266910553, 0.9783391356468201, 0.9756743311882019, 0.9739277362823486, 0.9737657308578491, 0.9735316634178162, 0.9724512696266174, 0.9721451997756958, 0.9703806638717651, 0.9681119322776794, 0.9682559967041016, 0.966473400592804, 0.9662933349609375, 0.9667254686355591, 0.9660232663154602, 0.9641326665878296, 0.9617379307746887, 0.962134063243866, 0.9607475996017456, 0.9602794647216797, 0.9614858031272888, 0.9579747319221497, 0.9600093364715576, 0.9572544693946838, 0.9568403363227844, 0.9607836008071899, 0.9579747319221497, 0.9558680653572083, 0.9553999304771423, 0.9527170658111572, 0.9538154006004333, 0.955579936504364, 0.9543735980987549, 0.9531491994857788, 0.9534732699394226, 0.9536533355712891, 0.9506644010543823, 0.9536353349685669, 0.9525550007820129, 0.9503583312034607, 0.950862467288971, 0.9495120644569397, 0.9474413990974426, 0.9478015303611755, 0.9521048665046692, 0.9491339325904846, 0.9489538669586182, 0.9485937356948853, 0.9482696652412415, 0.9479455351829529, 0.9500882029533386, 0.9492779970169067, 0.9451726675033569], "val_loss": [0.7287861108779907, 0.4594469964504242, 0.31314408779144287, 0.2604724168777466, 0.2313930243253708, 0.20615312457084656, 0.19403590261936188, 0.18161730468273163, 0.16609875857830048, 0.16871261596679688, 0.16503147780895233, 0.15147535502910614, 0.1450788527727127, 0.14609365165233612, 0.1474568396806717, 0.14555895328521729, 0.13655132055282593, 0.1356196403503418, 0.13204699754714966, 0.1365552544593811, 0.1391373574733734, 0.13591960072517395, 0.13310663402080536, 0.1327572464942932, 0.1317010223865509, 0.13428670167922974, 0.13744984567165375, 0.13419145345687866, 0.13662897050380707, 0.13489095866680145, 0.13200198113918304, 0.13199804723262787, 0.13503316044807434, 0.13955631852149963, 0.13665400445461273, 0.13816900551319122, 0.13872525095939636, 0.13386684656143188, 0.1426141858100891, 0.13560713827610016, 0.14140984416007996, 0.14152932167053223, 0.1300049126148224, 0.13702234625816345, 0.14119836688041687, 0.14153972268104553, 0.14812785387039185, 0.1445225328207016, 0.13936462998390198, 0.1416364163160324, 0.14437133073806763, 0.14312924444675446, 0.14192192256450653, 0.14936578273773193, 0.14098168909549713, 0.14347264170646667, 0.14862501621246338, 0.1470356285572052, 0.15010426938533783, 0.15560322999954224, 0.15366889536380768, 0.14276504516601562, 0.14953739941120148, 0.14967601001262665, 0.15081332623958588, 0.15143321454524994, 0.15205439925193787, 0.14613288640975952, 0.14830282330513, 0.15858617424964905]}