{"accuracy": [0.6741071343421936, 0.8883928656578064, 0.8950892686843872, 0.9017857313156128, 0.9151785969734192, 0.9174107313156128, 0.9308035969734192, 0.9330357313156128, 0.9375, 0.9397321343421936, 0.9419642686843872, 0.9419642686843872, 0.9441964030265808, 0.9441964030265808, 0.9441964030265808, 0.9464285969734192, 0.9464285969734192, 0.9464285969734192, 0.9486607313156128, 0.953125, 0.953125, 0.9575892686843872, 0.9553571343421936, 0.9553571343421936, 0.9575892686843872, 0.9575892686843872, 0.9575892686843872, 0.9598214030265808, 0.9598214030265808, 0.9598214030265808, 0.9598214030265808, 0.9598214030265808, 0.9575892686843872, 0.9598214030265808, 0.9598214030265808, 0.9642857313156128, 0.9642857313156128, 0.9620535969734192, 0.9642857313156128, 0.9642857313156128, 0.9642857313156128, 0.9642857313156128, 0.9642857313156128, 0.9620535969734192, 0.9665178656578064, 0.9665178656578064, 0.9642857313156128, 0.9665178656578064, 0.96875, 0.9665178656578064, 0.9709821343421936, 0.96875, 0.96875, 0.96875, 0.9709821343421936, 0.96875, 0.96875, 0.96875, 0.9709821343421936, 0.96875, 0.9665178656578064, 0.96875, 0.9665178656578064, 0.9709821343421936, 0.9665178656578064, 0.96875, 0.9709821343421936, 0.9709821343421936, 0.9709821343421936, 0.9709821343421936], "loss": [0.5821682810783386, 0.41529032588005066, 0.32996517419815063, 0.28386858105659485, 0.251998633146286, 0.23030461370944977, 0.21381105482578278, 0.20044925808906555, 0.18927571177482605, 0.18065598607063293, 0.17321692407131195, 0.16727599501609802, 0.16098251938819885, 0.15648691356182098, 0.15154364705085754, 0.14727094769477844, 0.14347068965435028, 0.14011640846729279, 0.13731539249420166, 0.13436415791511536, 0.13203588128089905, 0.12992168962955475, 0.1275458186864853, 0.12555553019046783, 0.12410739809274673, 0.12218188494443893, 0.12057273089885712, 0.11951704323291779, 0.1177612915635109, 0.11679687350988388, 0.1158619076013565, 0.11439359188079834, 0.11386529356241226, 0.11252297461032867, 0.11170879751443863, 0.11079347878694534, 0.11015396565198898, 0.10936629772186279, 0.10873164236545563, 0.10795193165540695, 0.1074177473783493, 0.10675197094678879, 0.10657723248004913, 0.10575403273105621, 0.10541235655546188, 0.10500182211399078, 0.10446180403232574, 0.10425999015569687, 0.10420848429203033, 0.10323537141084671, 0.10288652032613754, 0.10261166840791702, 0.10243193805217743, 0.10237856209278107, 0.10178311914205551, 0.101484015583992, 0.10135038197040558, 0.10099265724420547, 0.10034298896789551, 0.10018160194158554, 0.10021717846393585, 0.10002323240041733, 0.09974833577871323, 0.09956695884466171, 0.09948567301034927, 0.09879253059625626, 0.09861495345830917, 0.09890802204608917, 0.09888941794633865, 0.0986047312617302], "val_accuracy": [0.8802441358566284, 0.9953905344009399, 0.99769526720047, 0.9974972009658813, 0.9970830678939819, 0.9952104687690735, 0.9913572669029236, 0.9903849363327026, 0.9886564016342163, 0.986081600189209, 0.9850552678108215, 0.9847311973571777, 0.9806618690490723, 0.9821383357048035, 0.9779610633850098, 0.9779250025749207, 0.9779070019721985, 0.977240800857544, 0.9768986701965332, 0.974702000617981, 0.9732795357704163, 0.9710468649864197, 0.9710468649864197, 0.9706147313117981, 0.9718571305274963, 0.9680579304695129, 0.9670315980911255, 0.9671396017074585, 0.9665454030036926, 0.9648528695106506, 0.9670315980911255, 0.9637545347213745, 0.9609636664390564, 0.9633764028549194, 0.9613237977027893, 0.961395800113678, 0.9597212672233582, 0.9585869312286377, 0.9574885368347168, 0.9592891335487366, 0.958136796951294, 0.9566963315010071, 0.9578126668930054, 0.9553638696670532, 0.9531131982803345, 0.9551658034324646, 0.9539954662322998, 0.9534732699394226, 0.9517087340354919, 0.9522849321365356, 0.9519608020782471, 0.9528791308403015, 0.9529871344566345, 0.9498181343078613, 0.9523569345474243, 0.9510065317153931, 0.9478015303611755, 0.9481436014175415, 0.9502682685852051, 0.9522309303283691, 0.9517267346382141, 0.9474413990974426, 0.9499801993370056, 0.9465771317481995, 0.950736403465271, 0.947477400302887, 0.9459829330444336, 0.9490799307823181, 0.9447765350341797, 0.9483056664466858], "val_loss": [0.5964094996452332, 0.39013785123825073, 0.2919779419898987, 0.2550806701183319, 0.22925949096679688, 0.209663525223732, 0.19909153878688812, 0.17651644349098206, 0.16838592290878296, 0.16510936617851257, 0.1545351892709732, 0.1438176929950714, 0.15629778802394867, 0.1402222216129303, 0.15329943597316742, 0.14552225172519684, 0.1402580738067627, 0.1367986649274826, 0.1339828222990036, 0.1374441683292389, 0.13828305900096893, 0.14164680242538452, 0.1383965164422989, 0.13629664480686188, 0.12977445125579834, 0.13837650418281555, 0.13775718212127686, 0.13461147248744965, 0.13456730544567108, 0.13729700446128845, 0.12880520522594452, 0.13580408692359924, 0.14105650782585144, 0.13411635160446167, 0.13769377768039703, 0.13559164106845856, 0.1382283717393875, 0.13990820944309235, 0.14127159118652344, 0.1357535868883133, 0.13799914717674255, 0.14099645614624023, 0.13700786232948303, 0.14242981374263763, 0.14721013605594635, 0.1412442922592163, 0.14386792480945587, 0.144204244017601, 0.14886392652988434, 0.14674919843673706, 0.14671790599822998, 0.14405395090579987, 0.14312727749347687, 0.1515069454908371, 0.14408209919929504, 0.14703448116779327, 0.15504148602485657, 0.15356440842151642, 0.1480771005153656, 0.14358121156692505, 0.1437712460756302, 0.1546323001384735, 0.14835795760154724, 0.1565631777048111, 0.14572404325008392, 0.1535583883523941, 0.15717636048793793, 0.14944875240325928, 0.16137194633483887, 0.15119831264019012]}