{"accuracy": [0.7321428656578064, 0.9017857313156128, 0.9107142686843872, 0.9107142686843872, 0.9129464030265808, 0.921875, 0.9263392686843872, 0.9308035969734192, 0.9330357313156128, 0.9375, 0.9375, 0.9419642686843872, 0.9419642686843872, 0.9419642686843872, 0.9441964030265808, 0.9464285969734192, 0.9486607313156128, 0.9486607313156128, 0.9508928656578064, 0.9486607313156128, 0.9508928656578064, 0.9553571343421936, 0.953125, 0.9553571343421936, 0.9553571343421936, 0.953125, 0.953125, 0.9553571343421936, 0.9553571343421936, 0.9575892686843872, 0.9575892686843872, 0.9575892686843872, 0.9575892686843872, 0.9598214030265808, 0.9598214030265808, 0.9575892686843872, 0.9620535969734192, 0.9620535969734192, 0.9620535969734192, 0.9620535969734192, 0.9642857313156128, 0.9642857313156128, 0.9665178656578064, 0.9620535969734192, 0.9620535969734192, 0.9665178656578064, 0.9642857313156128, 0.9620535969734192, 0.9642857313156128, 0.9665178656578064, 0.9665178656578064, 0.9642857313156128, 0.96875, 0.96875, 0.9642857313156128, 0.9665178656578064, 0.9642857313156128, 0.9665178656578064, 0.9709821343421936, 0.9665178656578064, 0.96875, 0.9665178656578064, 0.96875, 0.96875, 0.96875, 0.96875, 0.9665178656578064, 0.96875, 0.96875, 0.9709821343421936], "loss": [0.600586473941803, 0.4160078167915344, 0.33371520042419434, 0.2865489423274994, 0.25899407267570496, 0.23637865483760834, 0.21913571655750275, 0.2059326320886612, 0.19470453262329102, 0.1849120855331421, 0.17701506614685059, 0.17025062441825867, 0.164144828915596, 0.15914249420166016, 0.15455186367034912, 0.15016484260559082, 0.14611151814460754, 0.14295165240764618, 0.13960961997509003, 0.13693936169147491, 0.13422493636608124, 0.13195188343524933, 0.13010285794734955, 0.1276579201221466, 0.12576556205749512, 0.12410918623209, 0.12264442443847656, 0.12096147239208221, 0.1200026273727417, 0.11814301460981369, 0.117239810526371, 0.11628441512584686, 0.11493808776140213, 0.11418954282999039, 0.11290865391492844, 0.11266036331653595, 0.11102104187011719, 0.11064779758453369, 0.11007267981767654, 0.11003480106592178, 0.1086946651339531, 0.10852044075727463, 0.10782923549413681, 0.10743565112352371, 0.10628584772348404, 0.10595470666885376, 0.10561462491750717, 0.10610896348953247, 0.10454441606998444, 0.10427923500537872, 0.10378526896238327, 0.10330866277217865, 0.10308129340410233, 0.10261939465999603, 0.10240955650806427, 0.10231415927410126, 0.10204577445983887, 0.10204283893108368, 0.10107668489217758, 0.10094710439443588, 0.10060088336467743, 0.1003512293100357, 0.10091378539800644, 0.0996827706694603, 0.09935836493968964, 0.09966956079006195, 0.09922890365123749, 0.09909577667713165, 0.09892397373914719, 0.09834826737642288], "val_accuracy": [0.9764845967292786, 0.9862436652183533, 0.9944182634353638, 0.9960387349128723, 0.9969210028648376, 0.9936800003051758, 0.9918614029884338, 0.9907630681991577, 0.9896827340126038, 0.9889805316925049, 0.9874860644340515, 0.985973596572876, 0.9842450022697449, 0.9833987355232239, 0.9816882014274597, 0.981112003326416, 0.9803197979927063, 0.9780690670013428, 0.9786452651023865, 0.9774028658866882, 0.97616046667099, 0.974341869354248, 0.9746299982070923, 0.9731895327568054, 0.9722532033920288, 0.9709568023681641, 0.9699485301971436, 0.9702906012535095, 0.9704526662826538, 0.9668875336647034, 0.9633404016494751, 0.9629983305931091, 0.9654110670089722, 0.964420735836029, 0.9632143974304199, 0.9633944034576416, 0.9595412015914917, 0.9594511985778809, 0.9584428668022156, 0.9610176682472229, 0.9542295336723328, 0.958118736743927, 0.9534552693367004, 0.9568043351173401, 0.9574885368347168, 0.9527350664138794, 0.953041136264801, 0.9555619359016418, 0.9535273313522339, 0.9499081969261169, 0.9522489309310913, 0.9510425329208374, 0.950736403465271, 0.9523749351501465, 0.9517087340354919, 0.953041136264801, 0.9484677314758301, 0.9516907334327698, 0.9504843354225159, 0.948089599609375, 0.9478195309638977, 0.947351336479187, 0.9521408677101135, 0.9481616020202637, 0.9470272660255432, 0.9469372034072876, 0.9448305368423462, 0.9470272660255432, 0.9443624019622803, 0.9467571973800659], "val_loss": [0.5153744220733643, 0.4358794093132019, 0.30753880739212036, 0.24896278977394104, 0.21101467311382294, 0.21276843547821045, 0.19517526030540466, 0.18183384835720062, 0.17061926424503326, 0.16176284849643707, 0.15837416052818298, 0.15464209020137787, 0.15206126868724823, 0.1462104469537735, 0.14672721922397614, 0.14004556834697723, 0.13905702531337738, 0.1424354910850525, 0.1344311684370041, 0.13417506217956543, 0.13389286398887634, 0.13787074387073517, 0.1322319358587265, 0.13381409645080566, 0.13312175869941711, 0.1345580816268921, 0.1347697675228119, 0.13015221059322357, 0.12740354239940643, 0.13336852192878723, 0.1405586153268814, 0.1398034393787384, 0.130735844373703, 0.13136915862560272, 0.13301703333854675, 0.13063621520996094, 0.13939610123634338, 0.13821673393249512, 0.1392609179019928, 0.13156841695308685, 0.14813347160816193, 0.1375044286251068, 0.14725857973098755, 0.13829511404037476, 0.1360234171152115, 0.14702221751213074, 0.14607594907283783, 0.13814863562583923, 0.14354395866394043, 0.15148387849330902, 0.14494839310646057, 0.147657111287117, 0.1474798619747162, 0.14305426180362701, 0.1445898711681366, 0.1406368911266327, 0.15159405767917633, 0.14318427443504333, 0.1454419493675232, 0.15226835012435913, 0.15196476876735687, 0.15342111885547638, 0.14136822521686554, 0.1504296213388443, 0.1533663123846054, 0.15327169001102448, 0.15950845181941986, 0.1526871919631958, 0.1590963453054428, 0.15330028533935547]}