{"accuracy": [0.8258928656578064, 0.9107142686843872, 0.9107142686843872, 0.9107142686843872, 0.9241071343421936, 0.9241071343421936, 0.9308035969734192, 0.9375, 0.9375, 0.9419642686843872, 0.9441964030265808, 0.9441964030265808, 0.9441964030265808, 0.9464285969734192, 0.9464285969734192, 0.9508928656578064, 0.9508928656578064, 0.9553571343421936, 0.9553571343421936, 0.953125, 0.9553571343421936, 0.9553571343421936, 0.9575892686843872, 0.9553571343421936, 0.9553571343421936, 0.9553571343421936, 0.9553571343421936, 0.9575892686843872, 0.9553571343421936, 0.9575892686843872, 0.9575892686843872, 0.9575892686843872, 0.9598214030265808, 0.9620535969734192, 0.9620535969734192, 0.9620535969734192, 0.9620535969734192, 0.9642857313156128, 0.9620535969734192, 0.9620535969734192, 0.9620535969734192, 0.9642857313156128, 0.96875, 0.9642857313156128, 0.9665178656578064, 0.9642857313156128, 0.9642857313156128, 0.9665178656578064, 0.96875, 0.9665178656578064, 0.9665178656578064, 0.96875, 0.96875, 0.96875, 0.96875, 0.9665178656578064, 0.96875, 0.9709821343421936, 0.96875, 0.96875, 0.96875, 0.96875, 0.9709821343421936, 0.9665178656578064, 0.96875, 0.9709821343421936, 0.9709821343421936, 0.9732142686843872, 0.9709821343421936, 0.9709821343421936], "loss": [0.5133602023124695, 0.3581182658672333, 0.28801003098487854, 0.25369852781295776, 0.22938738763332367, 0.21156945824623108, 0.1977296769618988, 0.1868048459291458, 0.17886291444301605, 0.17069193720817566, 0.16354432702064514, 0.15832026302814484, 0.1533827930688858, 0.1486152559518814, 0.1458882987499237, 0.14295300841331482, 0.13827331364154816, 0.1355086863040924, 0.1325172334909439, 0.12986160814762115, 0.1277896910905838, 0.12593905627727509, 0.12427021563053131, 0.12253590673208237, 0.1207192987203598, 0.1192593052983284, 0.11791350692510605, 0.11677420884370804, 0.1155911311507225, 0.11440730839967728, 0.11369527876377106, 0.11246592551469803, 0.11172900348901749, 0.11074767261743546, 0.10971630364656448, 0.1093427985906601, 0.10863566398620605, 0.10853882133960724, 0.10761918127536774, 0.106782928109169, 0.10610846430063248, 0.10578738152980804, 0.10510324686765671, 0.10488860309123993, 0.1047714352607727, 0.10544372349977493, 0.1043853908777237, 0.10348089039325714, 0.10301284492015839, 0.10227163881063461, 0.10217738151550293, 0.1021447405219078, 0.1017691045999527, 0.10126085579395294, 0.10085979849100113, 0.10084640234708786, 0.10062503069639206, 0.10033626854419708, 0.0997517853975296, 0.0996047854423523, 0.09952061623334885, 0.09908662736415863, 0.09880443662405014, 0.0990576520562172, 0.09885601699352264, 0.09822999686002731, 0.09808418899774551, 0.09794746339321136, 0.09777604043483734, 0.09780241549015045], "val_accuracy": [0.9978753328323364, 0.9990997314453125, 0.999279797077179, 0.9992257356643677, 0.9974792003631592, 0.9941301345825195, 0.9920414686203003, 0.9896107316017151, 0.9891245365142822, 0.9844610691070557, 0.9845691323280334, 0.9833627343177795, 0.982696533203125, 0.9794014692306519, 0.9811660647392273, 0.9755842685699463, 0.9785372018814087, 0.9766646027565002, 0.9757463335990906, 0.9751701354980469, 0.975440263748169, 0.9753322005271912, 0.9734236001968384, 0.9694263339042664, 0.9689041972160339, 0.9699485301971436, 0.9688321352005005, 0.9674097299575806, 0.9659332633018494, 0.9653210639953613, 0.9632863998413086, 0.9638625979423523, 0.9620260000228882, 0.9627462029457092, 0.9628362655639648, 0.9606935977935791, 0.9597392678260803, 0.9620260000228882, 0.9574705362319946, 0.9592711329460144, 0.9571284651756287, 0.9570024013519287, 0.955579936504364, 0.9567323327064514, 0.9574885368347168, 0.9501242637634277, 0.957164466381073, 0.9523029327392578, 0.95462566614151, 0.9544636011123657, 0.9541755318641663, 0.9487918019294739, 0.9490979313850403, 0.9531491994857788, 0.9534372687339783, 0.9516187310218811, 0.948809802532196, 0.9517087340354919, 0.9496921300888062, 0.9478015303611755, 0.9480355978012085, 0.9494580030441284, 0.950736403465271, 0.9478735327720642, 0.9480535984039307, 0.9490979313850403, 0.9494940638542175, 0.9470272660255432, 0.947117269039154, 0.9491519331932068], "val_loss": [0.46490707993507385, 0.33730611205101013, 0.2426759898662567, 0.19721603393554688, 0.1988968402147293, 0.17800690233707428, 0.16525045037269592, 0.1598600298166275, 0.14463813602924347, 0.15931715071201324, 0.14542348682880402, 0.14122892916202545, 0.1363203525543213, 0.14389441907405853, 0.1282757669687271, 0.14796867966651917, 0.12910783290863037, 0.13227145373821259, 0.13226425647735596, 0.1301596611738205, 0.12547165155410767, 0.12318552285432816, 0.1258518546819687, 0.1350451558828354, 0.13339564204216003, 0.12800294160842896, 0.12890471518039703, 0.13080905377864838, 0.1322782039642334, 0.131586953997612, 0.13436484336853027, 0.13120979070663452, 0.1341768056154251, 0.1310751885175705, 0.1294417679309845, 0.13398022949695587, 0.1351422518491745, 0.12772230803966522, 0.13917863368988037, 0.13353268802165985, 0.1382509171962738, 0.13803333044052124, 0.14066140353679657, 0.13674865663051605, 0.13433730602264404, 0.15231750905513763, 0.13397668302059174, 0.14472658932209015, 0.13870446383953094, 0.1390051543712616, 0.13948608934879303, 0.15320847928524017, 0.15090717375278473, 0.1405332088470459, 0.13948121666908264, 0.14322100579738617, 0.15040332078933716, 0.142301544547081, 0.14744707942008972, 0.1526034027338028, 0.151952862739563, 0.1472943127155304, 0.14347732067108154, 0.15119872987270355, 0.1507602483034134, 0.14749456942081451, 0.1459316909313202, 0.15254811942577362, 0.15262570977210999, 0.14651259779930115]}